ec_id	go_id
1.1.1.1	GO:0004022
1.1.1.10	GO:0050038
1.1.1.100	GO:0004316
1.1.1.101	GO:0000140,GO:0102566
1.1.1.102	GO:0047560
1.1.1.103	GO:0008743
1.1.1.104	GO:0016617
1.1.1.105	GO:0004745
1.1.1.106	GO:0050166
1.1.1.107	GO:0050235
1.1.1.108	GO:0047728
1.1.1.11	GO:0047813
1.1.1.110	GO:0047029,GO:0047722,GO:0097256
1.1.1.111	GO:0019155
1.1.1.112	GO:0047718
1.1.1.113	GO:0050037
1.1.1.114	GO:0047674
1.1.1.115	GO:0050259
1.1.1.116	GO:0047816
1.1.1.117	GO:0045290,GO:0106271
1.1.1.118	GO:0047934
1.1.1.119	GO:0047935
1.1.1.12	GO:0050019
1.1.1.120	GO:0047910
1.1.1.121	GO:0047640
1.1.1.122	GO:0047834
1.1.1.123	GO:0050287
1.1.1.124	GO:0047903
1.1.1.125	GO:0008678
1.1.1.126	GO:0047000
1.1.1.127	GO:0047001
1.1.1.129	GO:0050036
1.1.1.13	GO:0047002
1.1.1.130	GO:0047559
1.1.1.131	GO:0050090
1.1.1.132	GO:0047919
1.1.1.133	GO:0008831
1.1.1.134	GO:0047003
1.1.1.135	GO:0047916
1.1.1.136	GO:0047004
1.1.1.137	GO:0050256
1.1.1.138	GO:0050085
1.1.1.14	GO:0003939
1.1.1.140	GO:0009010
1.1.1.141	GO:0016404
1.1.1.142	GO:0047832
1.1.1.143	GO:0050280
1.1.1.144	GO:0018457
1.1.1.145	GO:0003854,GO:0102294
1.1.1.146	GO:0070524,GO:0102196
1.1.1.147	GO:0047005
1.1.1.148	GO:0047881
1.1.1.149	GO:0047006
1.1.1.15	GO:0047824
1.1.1.150	GO:0047007
1.1.1.151	GO:0047008
1.1.1.152	GO:0047009
1.1.1.153	GO:0004757
1.1.1.154	GO:0009040
1.1.1.156	GO:0047953
1.1.1.157	GO:0008691
1.1.1.159	GO:0008709
1.1.1.16	GO:0047713
1.1.1.160	GO:0047855
1.1.1.162	GO:0047880
1.1.1.163	GO:0055041
1.1.1.164	GO:0047978
1.1.1.165	GO:0047535
1.1.1.166	GO:0047010
1.1.1.167	GO:0047993
1.1.1.168	GO:0047011
1.1.1.169	GO:0008677
1.1.1.17	GO:0008926
1.1.1.170	GO:0000252,GO:0047012,GO:0103066,GO:0103067
1.1.1.172	GO:0047550
1.1.1.173	GO:0050034
1.1.1.174	GO:0047795
1.1.1.175	GO:0047838
1.1.1.176	GO:0047013
1.1.1.177	GO:0047014
1.1.1.178	GO:0047015
1.1.1.179	GO:0047837
1.1.1.18	GO:0050112
1.1.1.181	GO:0047016
1.1.1.183	GO:0047924
1.1.1.184	GO:0004090
1.1.1.185	GO:0050026
1.1.1.186	GO:0033701
1.1.1.187	GO:0042356
1.1.1.188	GO:0036131,GO:0047017
1.1.1.189	GO:0050221
1.1.1.19	GO:0047939
1.1.1.190	GO:0047018
1.1.1.191	GO:0047019
1.1.1.192	GO:0050060
1.1.1.193	GO:0008703
1.1.1.194	GO:0050268
1.1.1.195	GO:0045551,GO:0052747
1.1.1.196	GO:0047020
1.1.1.197	GO:0047021
1.1.1.198	GO:0047500
1.1.1.199	GO:0046998
1.1.1.2	GO:0008106
1.1.1.20	GO:0047941
1.1.1.200	GO:0047641
1.1.1.201	GO:0047022
1.1.1.202	GO:0047516
1.1.1.203	GO:0050388
1.1.1.205	GO:0003938
1.1.1.206	GO:0050356
1.1.1.207	GO:0047504
1.1.1.208	GO:0047501
1.1.1.209	GO:0047023
1.1.1.21	GO:0004032
1.1.1.210	GO:0047024
1.1.1.211	GO:0016509
1.1.1.212	GO:0047025
1.1.1.213	GO:0047026
1.1.1.214	GO:0019141
1.1.1.215	GO:0008873
1.1.1.216	GO:0047886
1.1.1.217	GO:0047027
1.1.1.218	GO:0050109
1.1.1.219	GO:0045552
1.1.1.22	GO:0003979
1.1.1.220	GO:0047028
1.1.1.221	GO:0050396
1.1.1.223	GO:0018458
1.1.1.224	GO:0050088
1.1.1.225	GO:0047743
1.1.1.226	GO:0047030
1.1.1.227	GO:0047503
1.1.1.228	GO:0047502
1.1.1.229	GO:0047031
1.1.1.23	GO:0004399
1.1.1.230	GO:0047032
1.1.1.231	GO:0047033
1.1.1.232	GO:0047034
1.1.1.233	GO:0050123
1.1.1.234	GO:0047890
1.1.1.235	GO:0047599
1.1.1.236	GO:0050358
1.1.1.237	GO:0047995,GO:0102742
1.1.1.238	GO:0047521
1.1.1.239	GO:0047035
1.1.1.24	GO:0030266
1.1.1.240	GO:0050120
1.1.1.241	GO:0045481
1.1.1.243	GO:0018459
1.1.1.244	GO:0050093
1.1.1.245	GO:0018460
1.1.1.247	GO:0047036
1.1.1.248	GO:0047037
1.1.1.25	GO:0004764
1.1.1.250	GO:0047038
1.1.1.251	GO:0008868
1.1.1.252	GO:0047039
1.1.1.254	GO:0047041
1.1.1.255	GO:0046029
1.1.1.256	GO:0018461
1.1.1.257	GO:0018462
1.1.1.258	GO:0018463
1.1.1.259	GO:0018464
1.1.1.26	GO:0047964
1.1.1.260	GO:0050491
1.1.1.261	GO:0050492
1.1.1.262	GO:0050570
1.1.1.263	GO:0050571
1.1.1.264	GO:0050572
1.1.1.265	GO:0046568
1.1.1.266	GO:0050573
1.1.1.267	GO:0030604
1.1.1.268	GO:0050574
1.1.1.269	GO:0050575
1.1.1.27	GO:0004459
1.1.1.270	GO:0000253
1.1.1.271	GO:0050577
1.1.1.272	GO:0050578
1.1.1.273	GO:0050579
1.1.1.274	GO:0050580
1.1.1.275	GO:0033702
1.1.1.276	GO:0031132
1.1.1.277	GO:0033703
1.1.1.278	GO:0033704
1.1.1.279	GO:0047108
1.1.1.28	GO:0008720
1.1.1.280	GO:0047109
1.1.1.281	GO:0033705
1.1.1.282	GO:0004764,GO:0030266,GO:0052733,GO:0052734
1.1.1.283	GO:0043892
1.1.1.284	GO:0051903,GO:0106321,GO:0106322
1.1.1.285	GO:0033707
1.1.1.286	GO:0033708
1.1.1.288	GO:0010301
1.1.1.289	GO:0032115
1.1.1.29	GO:0008465
1.1.1.290	GO:0033711
1.1.1.291	GO:0043718
1.1.1.292	GO:0033712
1.1.1.294	GO:0034256
1.1.1.295	GO:0102960
1.1.1.298	GO:0035527
1.1.1.3	GO:0004412
1.1.1.30	GO:0003858
1.1.1.300	GO:0052650
1.1.1.303	GO:0019152,GO:0052587
1.1.1.304	GO:0019152,GO:0052588
1.1.1.305	GO:0099618
1.1.1.306	GO:0050607
1.1.1.31	GO:0008442
1.1.1.310	GO:0102155
1.1.1.312	GO:0050606
1.1.1.315	GO:0106429
1.1.1.316	GO:0010349
1.1.1.32	GO:0019727
1.1.1.320	GO:0102306
1.1.1.324	GO:0102311
1.1.1.326	GO:0102069
1.1.1.327	GO:0018452
1.1.1.330	GO:0141040
1.1.1.336	GO:0089714
1.1.1.337	GO:0102443
1.1.1.34	GO:0004420
1.1.1.349	GO:0140393
1.1.1.35	GO:0003857
1.1.1.352	GO:0140396
1.1.1.353	GO:0102974,GO:0102975,GO:0102976
1.1.1.36	GO:0018454
1.1.1.361	GO:0103074
1.1.1.365	GO:0102098
1.1.1.366	GO:0102198
1.1.1.37	GO:0030060
1.1.1.371	GO:0102497
1.1.1.373	GO:0061596
1.1.1.376	GO:0044103
1.1.1.38	GO:0004471,GO:0008948
1.1.1.39	GO:0004471
1.1.1.395	GO:0033792
1.1.1.4	GO:0000721
1.1.1.40	GO:0004473,GO:0008948
1.1.1.41	GO:0004449
1.1.1.418	GO:0102191
1.1.1.42	GO:0004450
1.1.1.43	GO:0008114
1.1.1.44	GO:0004616
1.1.1.45	GO:0050104
1.1.1.46	GO:0050022
1.1.1.47	GO:0047936
1.1.1.48	GO:0019151
1.1.1.49	GO:0004345
1.1.1.50	GO:0047042
1.1.1.51	GO:0030283,GO:0035410
1.1.1.52	GO:0047043
1.1.1.53	GO:0047044
1.1.1.54	GO:0047655
1.1.1.55	GO:0050039
1.1.1.56	GO:0050255
1.1.1.57	GO:0008866
1.1.1.58	GO:0009026
1.1.1.59	GO:0047565
1.1.1.6	GO:0008888
1.1.1.60	GO:0008679
1.1.1.61	GO:0047577
1.1.1.62	GO:0004303
1.1.1.64	GO:0047045
1.1.1.65	GO:0050236
1.1.1.66	GO:0050153
1.1.1.67	GO:0050086
1.1.1.69	GO:0008874
1.1.1.7	GO:0050216
1.1.1.71	GO:0018455
1.1.1.72	GO:0047956
1.1.1.73	GO:0004552
1.1.1.75	GO:0019147
1.1.1.76	GO:0047512
1.1.1.77	GO:0008912
1.1.1.78	GO:0019170
1.1.1.79	GO:0030267
1.1.1.8	GO:0047952
1.1.1.80	GO:0050009
1.1.1.81	GO:0016618
1.1.1.82	GO:0046554
1.1.1.83	GO:0046553
1.1.1.84	GO:0047867
1.1.1.85	GO:0003862
1.1.1.86	GO:0004455
1.1.1.87	GO:0047046
1.1.1.88	GO:0140643
1.1.1.9	GO:0046526
1.1.1.90	GO:0018456
1.1.1.91	GO:0047681
1.1.1.92	GO:0047047
1.1.1.93	GO:0009027
1.1.1.94	GO:0047952
1.1.1.95	GO:0004617
1.1.1.96	GO:0047860
1.1.1.97	GO:0047048
1.1.1.98	GO:0047049
1.1.1.99	GO:0047050
1.1.1.n12	GO:0106386
1.1.2.2	GO:0050087
1.1.2.3	GO:0004460
1.1.2.4	GO:0004458
1.1.2.5	GO:0047051
1.1.2.6	GO:0047059
1.1.2.7	GO:0052933
1.1.2.8	GO:0052934
1.1.3.10	GO:0050233
1.1.3.11	GO:0050035
1.1.3.12	GO:0050237
1.1.3.13	GO:0047639
1.1.3.14	GO:0047731
1.1.3.15	GO:0003973
1.1.3.16	GO:0047875
1.1.3.17	GO:0033713
1.1.3.18	GO:0033714
1.1.3.19	GO:0047579
1.1.3.20	GO:0046577
1.1.3.21	GO:0004369
1.1.3.23	GO:0050423
1.1.3.27	GO:0047996
1.1.3.28	GO:0033715
1.1.3.29	GO:0050122
1.1.3.30	GO:0050209
1.1.3.37	GO:0003885
1.1.3.38	GO:0018465
1.1.3.39	GO:0033716
1.1.3.4	GO:0046562
1.1.3.40	GO:0050581
1.1.3.41	GO:0050582
1.1.3.5	GO:0047979
1.1.3.6	GO:0016995
1.1.3.7	GO:0047682
1.1.3.8	GO:0050105
1.1.3.9	GO:0045480
1.1.5.12	GO:0102029
1.1.5.13	GO:0140696
1.1.5.2	GO:0008876
1.1.5.3	GO:0004368
1.1.5.4	GO:0008924,GO:0052589
1.1.5.8	GO:0047519
1.1.5.9	GO:0140762
1.1.7.1	GO:0018525
1.1.98.2	GO:0052749
1.1.99.1	GO:0008812
1.1.99.11	GO:0047904
1.1.99.12	GO:0050288
1.1.99.13	GO:0033757
1.1.99.14	GO:0019154
1.1.99.18	GO:0047735
1.1.99.2	GO:0047545
1.1.99.20	GO:0047645
1.1.99.21	GO:0047833
1.1.99.22	GO:0047955
1.1.99.24	GO:0047988
1.1.99.26	GO:0047564
1.1.99.27	GO:0047060
1.1.99.28	GO:0047061
1.1.99.29	GO:0033718
1.1.99.3	GO:0033717
1.1.99.30	GO:0033719
1.1.99.31	GO:0033720
1.1.99.35	GO:0004344
1.1.99.39	GO:0051990
1.1.99.4	GO:0047843
1.1.99.6	GO:0047809
1.1.99.7	GO:0050042
1.1.99.9	GO:0050238
1.10.1.1	GO:0047062
1.10.3.1	GO:0004097
1.10.3.11	GO:0102721
1.10.3.2	GO:0052716
1.10.3.3	GO:0008447
1.10.3.4	GO:0050149
1.10.3.5	GO:0047561
1.10.3.6	GO:0050264
1.10.3.9	GO:0010242
1.10.5.1	GO:0001512
1.11.1.1	GO:0016692
1.11.1.10	GO:0016691
1.11.1.11	GO:0016688
1.11.1.12	GO:0047066
1.11.1.13	GO:0016689
1.11.1.14	GO:0016690
1.11.1.16	GO:0052750
1.11.1.18	GO:0019806
1.11.1.2	GO:0050137
1.11.1.24	GO:0140824
1.11.1.26	GO:0102039
1.11.1.3	GO:0047888
1.11.1.5	GO:0004130
1.11.1.6	GO:0004096
1.11.1.7	GO:0140825
1.11.1.8	GO:0004447
1.11.1.9	GO:0004602
1.11.2.3	GO:0102070,GO:1990137
1.12.1.2	GO:0047985
1.12.1.3	GO:0050583
1.12.1.4	GO:0102220
1.12.2.1	GO:0047806
1.12.5.1	GO:0047067
1.12.7.2	GO:0008901
1.12.98.1	GO:0050454
1.12.98.2	GO:0047068
1.12.98.3	GO:0051911
1.12.98.4	GO:0033796
1.12.99.6	GO:0033748
1.13.11.1	GO:0018576
1.13.11.10	GO:0047069
1.13.11.11	GO:0004833
1.13.11.12	GO:0016165
1.13.11.14	GO:0045133
1.13.11.15	GO:0008687
1.13.11.16	GO:0047070
1.13.11.17	GO:0047719
1.13.11.18	GO:0050313
1.13.11.19	GO:0047800
1.13.11.2	GO:0018577
1.13.11.20	GO:0017172
1.13.11.22	GO:0047762
1.13.11.23	GO:0047528
1.13.11.24	GO:0008127
1.13.11.25	GO:0047071
1.13.11.27	GO:0003868
1.13.11.28	GO:0047072
1.13.11.29	GO:0050297
1.13.11.3	GO:0018578
1.13.11.30	GO:0050298
1.13.11.31	GO:0004052
1.13.11.33	GO:0050473
1.13.11.34	GO:0004051
1.13.11.35	GO:0050240
1.13.11.36	GO:0047744
1.13.11.37	GO:0018581,GO:0047074
1.13.11.38	GO:0018582
1.13.11.39	GO:0018583
1.13.11.4	GO:0047922
1.13.11.40	GO:0047677
1.13.11.41	GO:0047073
1.13.11.43	GO:0050054
1.13.11.45	GO:0050584
1.13.11.46	GO:0050585
1.13.11.47	GO:0047078
1.13.11.48	GO:0050586
1.13.11.49	GO:0050587
1.13.11.5	GO:0004411
1.13.11.50	GO:0033752
1.13.11.51	GO:0045549
1.13.11.52	GO:0033754
1.13.11.53	GO:0010308
1.13.11.54	GO:0010309
1.13.11.55	GO:0033755
1.13.11.56	GO:0018554
1.13.11.57	GO:0036238
1.13.11.58	GO:1990136
1.13.11.6	GO:0000334
1.13.11.60	GO:0052878
1.13.11.61	GO:0102299,GO:0102300
1.13.11.63	GO:0003834
1.13.11.65	GO:0106422
1.13.11.67	GO:0050588
1.13.11.68	GO:0102395
1.13.11.69	GO:0102396
1.13.11.70	GO:0102251
1.13.11.71	GO:0102076
1.13.11.75	GO:0102162
1.13.11.79	GO:0102919
1.13.11.8	GO:0018579
1.13.11.9	GO:0047075
1.13.12.1	GO:0047678
1.13.12.13	GO:0033756
1.13.12.16	GO:0018580
1.13.12.19	GO:0102276
1.13.12.2	GO:0050067
1.13.12.3	GO:0050361
1.13.12.4	GO:0050040
1.13.12.5	GO:0050248
1.13.12.6	GO:0047712
1.13.12.7	GO:0047077
1.13.12.8	GO:0050397
1.13.12.9	GO:0050172
1.13.99.1	GO:0050113
1.13.99.3	GO:0050360
1.14.11.1	GO:0008336
1.14.11.10	GO:0047079
1.14.11.11	GO:0047998
1.14.11.12	GO:0047927
1.14.11.13	GO:0045543,GO:0052634
1.14.11.15	GO:0016707
1.14.11.16	GO:0062101
1.14.11.17	GO:0000908
1.14.11.18	GO:0048244
1.14.11.2	GO:0004656
1.14.11.20	GO:0050590
1.14.11.21	GO:0033758
1.14.11.24	GO:0033760
1.14.11.25	GO:0033761,GO:0052860
1.14.11.26	GO:0045442
1.14.11.27	GO:0140680
1.14.11.28	GO:0033763
1.14.11.29	GO:0160082
1.14.11.3	GO:0047080
1.14.11.30	GO:0036140
1.14.11.31	GO:0102802,GO:0102804
1.14.11.32	GO:0102803,GO:0102805
1.14.11.33	GO:0035516
1.14.11.4	GO:0008475
1.14.11.41	GO:0102525
1.14.11.42	GO:0102524
1.14.11.53	GO:1990931
1.14.11.54	GO:1990930
1.14.11.59	GO:0102717
1.14.11.6	GO:0050341
1.14.11.60	GO:0106145
1.14.11.62	GO:0102312
1.14.11.63	GO:0106155
1.14.11.64	GO:0106343
1.14.11.65	GO:0140683
1.14.11.66	GO:0140684
1.14.11.67	GO:0034647
1.14.11.68	GO:0071558
1.14.11.69	GO:0140681
1.14.11.7	GO:0019797
1.14.11.73	GO:0106157
1.14.11.8	GO:0050353
1.14.11.80	GO:0070579
1.14.11.9	GO:0045486
1.14.12.1	GO:0018618
1.14.12.10	GO:0018623
1.14.12.11	GO:0018624
1.14.12.12	GO:0018625
1.14.12.13	GO:0018626
1.14.12.14	GO:0018627
1.14.12.15	GO:0018628
1.14.12.16	GO:0018629
1.14.12.17	GO:0008941
1.14.12.18	GO:0018687
1.14.12.19	GO:0008695
1.14.12.25	GO:0018570
1.14.12.3	GO:0018619
1.14.12.7	GO:0018620
1.14.12.8	GO:0018621
1.14.12.9	GO:0018622
1.14.13.1	GO:0018658
1.14.13.10	GO:0018663
1.14.13.101	GO:0033784
1.14.13.107	GO:0018635,GO:0052601,GO:0106319,GO:0106320
1.14.13.111	GO:0018648
1.14.13.113	GO:0102099
1.14.13.114	GO:0043731
1.14.13.122	GO:0010277
1.14.13.127	GO:0008688
1.14.13.135	GO:0018637
1.14.13.14	GO:0050344
1.14.13.146	GO:0036203
1.14.13.148	GO:0034899
1.14.13.149	GO:0097266
1.14.13.155	GO:0018634
1.14.13.16	GO:0047799
1.14.13.166	GO:0018592
1.14.13.167	GO:0018632
1.14.13.168	GO:0103075
1.14.13.170	GO:0102285
1.14.13.172	GO:0034785
1.14.13.18	GO:0018665
1.14.13.182	GO:0102164
1.14.13.19	GO:0050326
1.14.13.2	GO:0018659
1.14.13.20	GO:0018666
1.14.13.218	GO:0102169
1.14.13.22	GO:0018667
1.14.13.23	GO:0018668
1.14.13.24	GO:0018669
1.14.13.241	GO:0047592
1.14.13.242	GO:0047081
1.14.13.243	GO:0018644
1.14.13.25	GO:0015049,GO:0106317,GO:0106318
1.14.13.27	GO:0018670
1.14.13.29	GO:0018601
1.14.13.31	GO:0047549
1.14.13.32	GO:0047638
1.14.13.33	GO:0018671
1.14.13.34	GO:0050052
1.14.13.35	GO:0018672
1.14.13.38	GO:0047670
1.14.13.39	GO:0004517
1.14.13.4	GO:0050091
1.14.13.40	GO:0018673
1.14.13.43	GO:0050246
1.14.13.44	GO:0047544,GO:0102321
1.14.13.46	GO:0047505
1.14.13.5	GO:0047717
1.14.13.50	GO:0018677
1.14.13.51	GO:0047597
1.14.13.54	GO:0047086
1.14.13.58	GO:0047090
1.14.13.59	GO:0047091
1.14.13.6	GO:0018661
1.14.13.61	GO:0033766
1.14.13.62	GO:0047093
1.14.13.63	GO:0047094
1.14.13.64	GO:0018678
1.14.13.66	GO:0047095
1.14.13.69	GO:0018645
1.14.13.7	GO:0018662
1.14.13.8	GO:0004499,GO:0047822
1.14.13.81	GO:0048529
1.14.13.82	GO:0018489
1.14.13.83	GO:0043818
1.14.13.84	GO:0033767
1.14.13.9	GO:0004502
1.14.13.92	GO:0033776
1.14.14.1	GO:0070330
1.14.14.10	GO:0018529,GO:0102977
1.14.14.100	GO:0047088
1.14.14.101	GO:0047089
1.14.14.102	GO:0050593
1.14.14.103	GO:0050594
1.14.14.104	GO:0050596
1.14.14.105	GO:0050597
1.14.14.106	GO:0050598
1.14.14.108	GO:0018684
1.14.14.109	GO:0036192
1.14.14.110	GO:0036193
1.14.14.111	GO:0036209
1.14.14.112	GO:0036202
1.14.14.113	GO:0102068
1.14.14.114	GO:0062150
1.14.14.115	GO:0102375
1.14.14.116	GO:0140395
1.14.14.117	GO:0140399
1.14.14.12	GO:0036383
1.14.14.120	GO:0102556
1.14.14.121	GO:0102557
1.14.14.122	GO:0102597
1.14.14.123	GO:0102598
1.14.14.126	GO:0102373,GO:0102374
1.14.14.135	GO:0033769
1.14.14.136	GO:0033775
1.14.14.137	GO:0010295
1.14.14.138	GO:0033777
1.14.14.139	GO:0008397
1.14.14.141	GO:0102876
1.14.14.143	GO:0052582
1.14.14.144	GO:0036189
1.14.14.145	GO:0036204
1.14.14.147	GO:0102097,GO:0102136
1.14.14.148	GO:0102995
1.14.14.149	GO:0102170
1.14.14.150	GO:0102934
1.14.14.152	GO:0102289,GO:0102290,GO:0102291
1.14.14.153	GO:0036190
1.14.14.154	GO:0008398
1.14.14.157	GO:0036191
1.14.14.158	GO:0009974
1.14.14.16	GO:0004509
1.14.14.162	GO:0033771
1.14.14.164	GO:0106144
1.14.14.165	GO:0106149
1.14.14.169	GO:0106244
1.14.14.17	GO:0004506
1.14.14.176	GO:0050604
1.14.14.18	GO:0004392
1.14.14.182	GO:0036239
1.14.14.19	GO:0004508
1.14.14.23	GO:0008123
1.14.14.25	GO:0033781
1.14.14.26	GO:0033782
1.14.14.29	GO:0033783,GO:0047092
1.14.14.3	GO:0047646
1.14.14.37	GO:0050592
1.14.14.38	GO:0102002
1.14.14.39	GO:0102001
1.14.14.40	GO:0102684
1.14.14.5	GO:0008726
1.14.14.51	GO:0018675
1.14.14.52	GO:0018676
1.14.14.53	GO:0052741
1.14.14.55	GO:0050591
1.14.14.56	GO:0102320
1.14.14.57	GO:0033780
1.14.14.63	GO:0102601
1.14.14.70	GO:0102596
1.14.14.76	GO:0036201
1.14.14.80	GO:0102033
1.14.14.81	GO:0033772
1.14.14.82	GO:0016711
1.14.14.83	GO:0102811
1.14.14.84	GO:0050056
1.14.14.85	GO:0050595,GO:0140989
1.14.14.86	GO:0052615,GO:0052616,GO:0052617
1.14.14.87	GO:0033770
1.14.14.88	GO:0048000
1.14.14.89	GO:0047957
1.14.14.9	GO:0052881
1.14.14.90	GO:0033773
1.14.14.91	GO:0016710
1.14.14.92	GO:0018664
1.14.14.93	GO:0047082
1.14.14.94	GO:0050051
1.14.14.95	GO:0106223
1.14.14.96	GO:0047083
1.14.14.97	GO:0047084
1.14.14.98	GO:0047087
1.14.14.99	GO:0018674
1.14.15.1	GO:0018683
1.14.15.15	GO:0047103,GO:0047749
1.14.15.17	GO:0032441
1.14.15.18	GO:0004498
1.14.15.21	GO:0052662
1.14.15.25	GO:0018694
1.14.15.29	GO:0036199
1.14.15.3	GO:0018685,GO:0052869
1.14.15.30	GO:0036200
1.14.15.4	GO:0004507
1.14.15.5	GO:0047783
1.14.15.6	GO:0008386
1.14.15.7	GO:0019133
1.14.15.9	GO:0043823
1.14.16.1	GO:0004505
1.14.16.2	GO:0004511
1.14.16.4	GO:0004510
1.14.16.5	GO:0050479
1.14.16.6	GO:0050481
1.14.17.1	GO:0004500
1.14.17.3	GO:0004504
1.14.17.4	GO:0009815
1.14.18.1	GO:0004503
1.14.18.11	GO:0102177
1.14.18.2	GO:0030338
1.14.18.4	GO:0050183,GO:0102518
1.14.18.5	GO:0102772
1.14.18.9	GO:0000254
1.14.19.1	GO:0004768
1.14.19.12	GO:0102431
1.14.19.17	GO:0042284
1.14.19.2	GO:0045300,GO:0102786
1.14.19.20	GO:0050046
1.14.19.22	GO:0050184
1.14.19.23	GO:0102655,GO:0102834,GO:0102836,GO:0102838,GO:0102841,GO:0102844,GO:0102850,GO:0102873
1.14.19.24	GO:0050600
1.14.19.25	GO:0102856,GO:0102859,GO:0102862,GO:0102872
1.14.19.3	GO:0016213
1.14.19.35	GO:0102835,GO:0102837,GO:0102839,GO:0102840,GO:0102842,GO:0102848,GO:0102849,GO:0102874,GO:0102875
1.14.19.38	GO:0102865
1.14.19.4	GO:0102003
1.14.19.42	GO:0102657,GO:0102843
1.14.19.43	GO:0102654,GO:0102851
1.14.19.44	GO:0062076
1.14.19.5	GO:0017105
1.14.19.51	GO:0102963
1.14.19.6	GO:0102985
1.14.19.62	GO:0050616
1.14.19.64	GO:0047052
1.14.19.65	GO:0047053
1.14.19.66	GO:0047054
1.14.19.67	GO:0047055
1.14.19.68	GO:0047056
1.14.19.73	GO:0102632
1.14.19.74	GO:0102915,GO:0102916
1.14.19.77	GO:0050207
1.14.20.1	GO:0050599
1.14.20.13	GO:0047594
1.14.20.4	GO:0050589
1.14.20.5	GO:0033759
1.14.20.6	GO:0045431
1.14.99.1	GO:0004666
1.14.99.11	GO:0047882
1.14.99.12	GO:0047096
1.14.99.14	GO:0050212
1.14.99.15	GO:0018690
1.14.99.2	GO:0050016
1.14.99.20	GO:0047097
1.14.99.21	GO:0047098
1.14.99.22	GO:0004501
1.14.99.23	GO:0047563
1.14.99.24	GO:0050292
1.14.99.26	GO:0047546
1.14.99.29	GO:0019135
1.14.99.33	GO:0016720
1.14.99.35	GO:0050603
1.14.99.38	GO:0001567
1.14.99.39	GO:0018597
1.14.99.4	GO:0050214
1.14.99.50	GO:0044875
1.14.99.59	GO:0140382
1.14.99.60	GO:0008682
1.14.99.66	GO:0140682
1.15.1.1	GO:0004784
1.15.1.2	GO:0050605
1.16.1.1	GO:0016152
1.16.1.2	GO:0047852
1.16.1.6	GO:0033787
1.16.1.7	GO:0140618
1.16.1.8	GO:0030586
1.16.1.9	GO:0052851
1.16.3.1	GO:0004322
1.17.1.1	GO:0047099
1.17.1.10	GO:0047899
1.17.1.3	GO:0033788
1.17.1.4	GO:0004854
1.17.1.5	GO:0050138
1.17.1.8	GO:0008839
1.17.1.9	GO:0008863
1.17.2.3	GO:0047111
1.17.3.1	GO:0050227
1.17.3.2	GO:0004855
1.17.3.3	GO:0043732
1.17.3.4	GO:0050012
1.17.4.1	GO:0004748
1.17.4.2	GO:0008998
1.17.4.4	GO:0047057
1.17.4.5	GO:0047058
1.17.5.1	GO:0033789
1.17.5.2	GO:0034875
1.17.5.3	GO:0036397
1.17.7.1	GO:0046429
1.17.7.4	GO:0051745
1.17.9.1	GO:0018695
1.17.99.2	GO:0018693
1.17.99.3	GO:0033791
1.17.99.4	GO:0050383,GO:0052620
1.17.99.6	GO:0052693
1.18.1.1	GO:0015044
1.18.1.2	GO:0004324
1.18.1.3	GO:0008860
1.18.1.4	GO:0015045,GO:0015046
1.18.1.6	GO:0015039
1.18.6.1	GO:0016163,GO:0018697
1.19.6.1	GO:0050142
1.2.1.10	GO:0008774
1.2.1.105	GO:0034602
1.2.1.11	GO:0004073
1.2.1.12	GO:0004365
1.2.1.13	GO:0047100
1.2.1.15	GO:0033722
1.2.1.16	GO:0009013
1.2.1.17	GO:0047968
1.2.1.18	GO:0018478
1.2.1.19	GO:0019145,GO:0033737
1.2.1.20	GO:0102810
1.2.1.21	GO:0050569
1.2.1.22	GO:0008911
1.2.1.23	GO:0047551
1.2.1.24	GO:0004777
1.2.1.25	GO:0047101
1.2.1.26	GO:0047533
1.2.1.27	GO:0004491
1.2.1.28	GO:0018479
1.2.1.29	GO:0019108
1.2.1.3	GO:0004029,GO:0043878
1.2.1.30	GO:0047683
1.2.1.31	GO:0004043
1.2.1.32	GO:0047102
1.2.1.33	GO:0047509
1.2.1.36	GO:0001758
1.2.1.38	GO:0003942
1.2.1.39	GO:0008957
1.2.1.4	GO:0033721
1.2.1.41	GO:0004350
1.2.1.42	GO:0047104
1.2.1.44	GO:0016621
1.2.1.46	GO:0018467
1.2.1.47	GO:0047105
1.2.1.48	GO:0050061
1.2.1.49	GO:0047552
1.2.1.5	GO:0004030
1.2.1.50	GO:0050062
1.2.1.51	GO:0050243
1.2.1.52	GO:0034601,GO:0050164
1.2.1.53	GO:0047106
1.2.1.54	GO:0047107
1.2.1.57	GO:0047759
1.2.1.58	GO:0047110
1.2.1.59	GO:0043891
1.2.1.60	GO:0018480
1.2.1.61	GO:0018481
1.2.1.62	GO:0018482
1.2.1.63	GO:0018483
1.2.1.64	GO:0018484
1.2.1.65	GO:0018485
1.2.1.67	GO:0050608
1.2.1.68	GO:0050269
1.2.1.69	GO:0033723
1.2.1.7	GO:0018477
1.2.1.70	GO:0008883
1.2.1.71	GO:0043824
1.2.1.72	GO:0048001
1.2.1.73	GO:0102984
1.2.1.74	GO:0036188
1.2.1.79	GO:0036243
1.2.1.8	GO:0008802
1.2.1.84	GO:0102965
1.2.1.88	GO:0003842
1.2.1.89	GO:0043796
1.2.1.9	GO:0008886
1.2.2.1	GO:0047898
1.2.3.1	GO:0004031
1.2.3.13	GO:0018490
1.2.3.14	GO:0010293
1.2.3.3	GO:0047112
1.2.3.4	GO:0050162
1.2.3.5	GO:0047969
1.2.3.6	GO:0050244
1.2.3.7	GO:0050302
1.2.3.8	GO:0004732
1.2.3.9	GO:0018488,GO:0102794,GO:0102795,GO:0102796
1.2.4.1	GO:0004739
1.2.4.2	GO:0004591
1.2.4.4	GO:0003863
1.2.5.1	GO:0052737
1.2.5.2	GO:0047113
1.2.5.3	GO:0008805
1.2.7.1	GO:0019164
1.2.7.12	GO:0018493
1.2.7.3	GO:0047553
1.2.7.4	GO:0018492,GO:0043885
1.2.7.5	GO:0033726
1.2.7.6	GO:0043797
1.2.7.7	GO:0043807
1.2.7.8	GO:0043805
1.2.98.1	GO:0047895
1.2.99.6	GO:0047770
1.2.99.7	GO:0033727
1.2.99.8	GO:0043795
1.20.1.1	GO:0050609
1.20.4.1	GO:0008794
1.20.4.2	GO:0050610
1.20.9.1	GO:0050611
1.20.99.1	GO:0050612
1.21.1.1	GO:0140616
1.21.1.2	GO:0018516
1.21.3.1	GO:0016216
1.21.3.10	GO:0061686
1.21.3.2	GO:0050455
1.21.3.3	GO:0050468
1.21.3.4	GO:0047064
1.21.3.5	GO:0047065
1.21.3.6	GO:0102706,GO:0102791
1.21.3.7	GO:0102778
1.21.3.8	GO:0102779
1.21.4.1	GO:0050002
1.21.4.2	GO:0030699
1.21.4.3	GO:0033794
1.21.4.4	GO:0033795
1.21.99.1	GO:0050448
1.21.99.3	GO:0033798
1.21.99.4	GO:0004800
1.21.99.5	GO:0050629
1.23.5.1	GO:0046422
1.3.1.1	GO:0004159
1.3.1.10	GO:0004319
1.3.1.103	GO:0102523
1.3.1.105	GO:0102978
1.3.1.11	GO:0047788
1.3.1.12	GO:0008977
1.3.1.13	GO:0004665
1.3.1.14	GO:0004589
1.3.1.15	GO:0050158
1.3.1.16	GO:0047703
1.3.1.17	GO:0047567
1.3.1.18	GO:0047114
1.3.1.19	GO:0018504
1.3.1.2	GO:0017113
1.3.1.20	GO:0047115
1.3.1.21	GO:0047598
1.3.1.22	GO:0047751
1.3.1.24	GO:0004074,GO:0106276,GO:0106277
1.3.1.25	GO:0047116
1.3.1.27	GO:0047543
1.3.1.28	GO:0008667
1.3.1.29	GO:0018505
1.3.1.3	GO:0047787
1.3.1.30	GO:0047751
1.3.1.31	GO:0047540
1.3.1.32	GO:0018506
1.3.1.33	GO:0016630
1.3.1.34	GO:0008670
1.3.1.36	GO:0047920
1.3.1.37	GO:0047774
1.3.1.38	GO:0019166
1.3.1.39	GO:0047117
1.3.1.40	GO:0047118
1.3.1.41	GO:0050399
1.3.1.42	GO:0016629
1.3.1.43	GO:0047794
1.3.1.44	GO:0050343
1.3.1.45	GO:0047526
1.3.1.46	GO:0047706
1.3.1.47	GO:0047659
1.3.1.48	GO:0036132,GO:0047522
1.3.1.49	GO:0018507
1.3.1.5	GO:0047791
1.3.1.51	GO:0047525
1.3.1.53	GO:0047120
1.3.1.54	GO:0016994
1.3.1.56	GO:0018509
1.3.1.57	GO:0018510
1.3.1.58	GO:0018511
1.3.1.6	GO:0016156
1.3.1.60	GO:0018513
1.3.1.62	GO:0018515
1.3.1.64	GO:0018517
1.3.1.65	GO:0018518
1.3.1.66	GO:0018519
1.3.1.67	GO:0018520
1.3.1.68	GO:0018521
1.3.1.69	GO:0050472
1.3.1.7	GO:0050092
1.3.1.70	GO:0050613
1.3.1.71	GO:0000246
1.3.1.72	GO:0050614
1.3.1.73	GO:0050615
1.3.1.74	GO:0032440
1.3.1.75	GO:0033728
1.3.1.76	GO:0043115
1.3.1.77	GO:0033729
1.3.1.78	GO:0033730
1.3.1.79	GO:0033731
1.3.1.8	GO:0047616
1.3.1.81	GO:0052579,GO:0052580
1.3.1.82	GO:0052581
1.3.1.83	GO:0102067
1.3.1.84	GO:0043957
1.3.1.88	GO:0102262,GO:0102263
1.3.1.89	GO:0102265
1.3.1.9	GO:0004318
1.3.1.90	GO:0102266,GO:0102267
1.3.1.91	GO:0102264
1.3.1.93	GO:0102758
1.3.1.94	GO:0102389
1.3.1.95	GO:0043958
1.3.1.98	GO:0008762
1.3.1.n3	GO:0052849
1.3.2.3	GO:0016633
1.3.3.10	GO:0050621
1.3.3.11	GO:0033732
1.3.3.12	GO:0050024
1.3.3.3	GO:0004109
1.3.3.4	GO:0004729
1.3.3.5	GO:0047705
1.3.3.6	GO:0003997
1.3.3.7	GO:0047857
1.3.3.8	GO:0050328
1.3.5.1	GO:0008177,GO:0102040
1.3.5.2	GO:0106430
1.3.5.6	GO:0016719,GO:0052886,GO:0052887
1.3.7.1	GO:0047595
1.3.7.2	GO:0050617
1.3.7.3	GO:0050618
1.3.7.4	GO:0050619
1.3.7.5	GO:0050620
1.3.7.8	GO:0018522
1.3.8.1	GO:0004085,GO:0016937
1.3.8.2	GO:0102223,GO:0140868
1.3.8.3	GO:0033734
1.3.8.4	GO:0008470
1.3.8.5	GO:0003853,GO:0102035
1.3.8.6	GO:0004361
1.3.8.7	GO:0070991
1.3.8.8	GO:0004466
1.3.8.9	GO:0017099
1.3.98.1	GO:1990663
1.3.98.3	GO:0051989
1.3.99.14	GO:0047797
1.3.99.16	GO:0047121
1.3.99.17	GO:0018523
1.3.99.18	GO:0047122
1.3.99.19	GO:0047123
1.3.99.23	GO:0051786
1.3.99.25	GO:0018494
1.3.99.4	GO:0047571
1.3.99.5	GO:0003865
1.3.99.6	GO:0047568
1.3.99.8	GO:0047542
1.4.1.1	GO:0000286
1.4.1.10	GO:0047960
1.4.1.11	GO:0047124
1.4.1.12	GO:0047530
1.4.1.13	GO:0004355
1.4.1.14	GO:0016040
1.4.1.15	GO:0050069
1.4.1.16	GO:0047850
1.4.1.17	GO:0050132
1.4.1.18	GO:0050303
1.4.1.19	GO:0050363
1.4.1.2	GO:0004352
1.4.1.20	GO:0050175
1.4.1.21	GO:0033735
1.4.1.23	GO:0043837
1.4.1.24	GO:0102042
1.4.1.3	GO:0004353
1.4.1.4	GO:0004354
1.4.1.5	GO:0050018
1.4.1.7	GO:0050282
1.4.1.8	GO:0050391
1.4.1.9	GO:0050049
1.4.2.1	GO:0047959
1.4.3.1	GO:0008445
1.4.3.10	GO:0050232
1.4.3.11	GO:0050025
1.4.3.12	GO:0018527
1.4.3.13	GO:0004720
1.4.3.14	GO:0050029
1.4.3.15	GO:0047819
1.4.3.16	GO:0008734,GO:0044318
1.4.3.19	GO:0043799
1.4.3.2	GO:0001716
1.4.3.20	GO:0033736
1.4.3.21	GO:0008131,GO:0052593,GO:0052594,GO:0052595,GO:0052596
1.4.3.22	GO:0052597,GO:0052598,GO:0052599,GO:0052600
1.4.3.3	GO:0003884
1.4.3.4	GO:0097621
1.4.3.5	GO:0004733
1.4.3.7	GO:0047821
1.4.3.8	GO:0047883
1.4.4.2	GO:0004375
1.4.7.1	GO:0016041
1.4.9.1	GO:0052876
1.4.9.2	GO:0030059
1.4.99.2	GO:0050323
1.4.99.5	GO:0050622
1.5.1.1	GO:0050241
1.5.1.10	GO:0004755
1.5.1.11	GO:0047830
1.5.1.15	GO:0004487
1.5.1.16	GO:0047827
1.5.1.17	GO:0047636
1.5.1.18	GO:0047877
1.5.1.19	GO:0047829
1.5.1.2	GO:0004735
1.5.1.20	GO:0004489
1.5.1.21	GO:0047125
1.5.1.22	GO:0050305
1.5.1.23	GO:0050325
1.5.1.24	GO:0047126
1.5.1.25	GO:0047127
1.5.1.26	GO:0047697
1.5.1.27	GO:0047128
1.5.1.28	GO:0047129
1.5.1.3	GO:0004146
1.5.1.30	GO:0042602
1.5.1.31	GO:0050623
1.5.1.32	GO:0050624
1.5.1.33	GO:0047040
1.5.1.34	GO:0004155
1.5.1.36	GO:0036382
1.5.1.38	GO:0052873
1.5.1.39	GO:0008752
1.5.1.40	GO:0052808,GO:0102261
1.5.1.41	GO:0052875
1.5.1.42	GO:0052874
1.5.1.5	GO:0004486,GO:0004488
1.5.1.6	GO:0016155
1.5.1.7	GO:0004754
1.5.1.8	GO:0047130
1.5.1.9	GO:0047131
1.5.3.1	GO:0008115
1.5.3.10	GO:0047866
1.5.3.12	GO:0047132
1.5.3.13	GO:0052899,GO:0052901,GO:0052902,GO:0052903,GO:0052904
1.5.3.14	GO:0052893,GO:0052896,GO:0052900
1.5.3.15	GO:0052897
1.5.3.16	GO:0052894,GO:0052895,GO:0052901
1.5.3.17	GO:0052901,GO:0052902,GO:0052903,GO:0052904
1.5.3.19	GO:0102317
1.5.3.2	GO:0050131
1.5.3.4	GO:0050134
1.5.3.5	GO:0018531
1.5.3.6	GO:0018530,GO:0019116
1.5.3.7	GO:0050031
1.5.4.1	GO:0004734
1.5.5.1	GO:0004174
1.5.5.2	GO:0004657
1.5.7.1	GO:0033738
1.5.8.1	GO:0047133
1.5.8.2	GO:0050470
1.5.8.3	GO:0008480
1.5.8.4	GO:0047865
1.5.98.1	GO:0030268
1.5.98.2	GO:0018537
1.5.98.3	GO:0043738
1.5.99.12	GO:0019139
1.5.99.14	GO:0034909
1.5.99.15	GO:0044684
1.5.99.3	GO:0050030
1.5.99.4	GO:0018535
1.5.99.5	GO:0050099
1.5.99.6	GO:0050289
1.6.1.1	GO:0003957,GO:0008746
1.6.1.2	GO:0008750
1.6.2.2	GO:0004128
1.6.2.4	GO:0003958
1.6.2.5	GO:0015047
1.6.2.6	GO:0015043
1.6.3.1	GO:0016174
1.6.5.10	GO:0008753
1.6.5.11	GO:0050136
1.6.5.2	GO:0003955
1.6.5.4	GO:0016656
1.6.5.5	GO:0003960
1.6.5.6	GO:0018541
1.6.5.7	GO:0050625
1.6.99.1	GO:0003959,GO:0018548
1.7.1.1	GO:0009703
1.7.1.10	GO:0050460
1.7.1.11	GO:0047136
1.7.1.12	GO:0047137
1.7.1.13	GO:0033739
1.7.1.14	GO:0102199
1.7.1.16	GO:0018546
1.7.1.2	GO:0050463
1.7.1.3	GO:0050464
1.7.1.4	GO:0008942
1.7.1.5	GO:0047999
1.7.1.6	GO:0050446
1.7.1.7	GO:0003920
1.7.1.9	GO:0050465
1.7.2.1	GO:0050421
1.7.2.2	GO:0042279
1.7.2.3	GO:0009033,GO:0050626
1.7.2.4	GO:0050304
1.7.2.5	GO:0016966
1.7.2.8	GO:0033740
1.7.3.1	GO:0050141,GO:0052664
1.7.3.2	GO:0047608
1.7.3.3	GO:0004846
1.7.3.5	GO:0047557
1.7.3.6	GO:0047991
1.7.7.1	GO:0048307
1.7.7.2	GO:0047889
1.7.99.1	GO:0050418
1.7.99.4	GO:0008940
1.8.1.10	GO:0050452
1.8.1.11	GO:0050445
1.8.1.12	GO:0015042
1.8.1.13	GO:0047135
1.8.1.14	GO:0050451
1.8.1.15	GO:0050627
1.8.1.18	GO:0043914
1.8.1.2	GO:0004783
1.8.1.4	GO:0004148
1.8.1.5	GO:0050628
1.8.1.6	GO:0050456
1.8.1.7	GO:0004362
1.8.1.8	GO:0047134
1.8.1.9	GO:0004791
1.8.2.1	GO:0050310
1.8.2.2	GO:0050338
1.8.2.3	GO:0070225
1.8.3.1	GO:0008482
1.8.3.2	GO:0016972
1.8.3.3	GO:0047950
1.8.3.4	GO:0018549
1.8.3.5	GO:0001735
1.8.3.6	GO:0102149
1.8.3.7	GO:0120147
1.8.4.1	GO:0047139
1.8.4.10	GO:0043866
1.8.4.11	GO:0008113
1.8.4.12	GO:0033743
1.8.4.13	GO:0033744
1.8.4.14	GO:0033745
1.8.4.2	GO:0019153
1.8.4.3	GO:0047140
1.8.4.4	GO:0047141
1.8.4.7	GO:0047142
1.8.4.8	GO:0004604
1.8.4.9	GO:0033741
1.8.5.1	GO:0045174
1.8.5.2	GO:0043831
1.8.5.4	GO:0070224
1.8.5.8	GO:0106436
1.8.7.1	GO:0050311
1.8.7.2	GO:0103012
1.8.98.1	GO:0051912
1.8.98.2	GO:0032542
1.8.99.2	GO:0009973
1.8.99.5	GO:0018551
1.9.6.1	GO:0050140
1.9.98.1	GO:0047726
1.97.1.1	GO:0047143
1.97.1.2	GO:0018706
1.97.1.4	GO:0043365
1.97.1.9	GO:0033797
2.1.1.1	GO:0008112
2.1.1.10	GO:0008898,GO:0061627
2.1.1.100	GO:0004671
2.1.1.101	GO:0030769
2.1.1.102	GO:0030770
2.1.1.103	GO:0000234,GO:0052667
2.1.1.104	GO:0042409
2.1.1.105	GO:0030771
2.1.1.106	GO:0030772
2.1.1.107	GO:0004851
2.1.1.108	GO:0030773
2.1.1.109	GO:0047145
2.1.1.11	GO:0046406
2.1.1.110	GO:0047146
2.1.1.111	GO:0030774
2.1.1.112	GO:0030775
2.1.1.113	GO:0015667
2.1.1.114	GO:0004395,GO:0010420
2.1.1.115	GO:0030776
2.1.1.116	GO:0030784
2.1.1.117	GO:0030777
2.1.1.118	GO:0030778
2.1.1.119	GO:0030779
2.1.1.12	GO:0030732
2.1.1.120	GO:0030780
2.1.1.121	GO:0030781
2.1.1.122	GO:0030782
2.1.1.123	GO:0030783
2.1.1.127	GO:0030785
2.1.1.128	GO:0030786
2.1.1.129	GO:0030787
2.1.1.13	GO:0008705
2.1.1.130	GO:0030788
2.1.1.131	GO:0030789
2.1.1.132	GO:0046025
2.1.1.133	GO:0046026
2.1.1.136	GO:0030790
2.1.1.137	GO:0030791
2.1.1.139	GO:0030793
2.1.1.14	GO:0003871
2.1.1.140	GO:0030794
2.1.1.141	GO:0030795
2.1.1.142	GO:0030796
2.1.1.143	GO:0030797
2.1.1.144	GO:0030798
2.1.1.145	GO:0046547
2.1.1.146	GO:0050630,GO:0102719
2.1.1.147	GO:0050631
2.1.1.148	GO:0050797
2.1.1.15	GO:0030733
2.1.1.150	GO:0033800
2.1.1.151	GO:0043781
2.1.1.152	GO:0043819
2.1.1.153	GO:0033801
2.1.1.154	GO:0033802
2.1.1.155	GO:0033803
2.1.1.156	GO:0052730
2.1.1.157	GO:0052729,GO:0052730
2.1.1.16	GO:0004481
2.1.1.160	GO:0102740,GO:0102741
2.1.1.161	GO:0052729
2.1.1.162	GO:0052729,GO:0052730
2.1.1.163	GO:0043770,GO:0102027,GO:0102094,GO:0102955
2.1.1.164	GO:0102082
2.1.1.17	GO:0004608
2.1.1.171	GO:0052913
2.1.1.172	GO:0052914
2.1.1.173	GO:0052915
2.1.1.174	GO:0052916
2.1.1.18	GO:0030734
2.1.1.181	GO:0052907
2.1.1.182	GO:0052908
2.1.1.183	GO:0052909
2.1.1.184	GO:0052910
2.1.1.187	GO:0052911
2.1.1.188	GO:0052912
2.1.1.19	GO:0047147
2.1.1.192	GO:0002935,GO:0070040
2.1.1.197	GO:0102130
2.1.1.2	GO:0030731
2.1.1.20	GO:0017174
2.1.1.201	GO:0043333
2.1.1.202	GO:0016428
2.1.1.205	GO:0106339,GO:0106340
2.1.1.206	GO:0106059
2.1.1.207	GO:0141098,GO:0141102
2.1.1.21	GO:0047148
2.1.1.210	GO:0043803
2.1.1.211	GO:0141101
2.1.1.212	GO:0102670
2.1.1.213	GO:0160101
2.1.1.214	GO:0160102
2.1.1.215	GO:0160103
2.1.1.216	GO:0160104
2.1.1.217	GO:0160105
2.1.1.218	GO:0160106
2.1.1.219	GO:0043827
2.1.1.22	GO:0030735
2.1.1.220	GO:0160107
2.1.1.221	GO:0052905
2.1.1.228	GO:0052906
2.1.1.229	GO:0106335
2.1.1.230	GO:0030743
2.1.1.231	GO:0102767
2.1.1.232	GO:0102766
2.1.1.238	GO:0102302
2.1.1.240	GO:0102303
2.1.1.241	GO:0102718
2.1.1.244	GO:0071885
2.1.1.246	GO:1990088
2.1.1.247	GO:0043833
2.1.1.248	GO:0043852
2.1.1.249	GO:0043791
2.1.1.25	GO:0030736
2.1.1.250	GO:0043834
2.1.1.251	GO:0044683
2.1.1.254	GO:0102307,GO:0102308
2.1.1.256	GO:0160117
2.1.1.258	GO:0102036
2.1.1.26	GO:0030737
2.1.1.266	GO:0036307
2.1.1.267	GO:0033799,GO:0070448
2.1.1.27	GO:0030738
2.1.1.270	GO:0102671
2.1.1.275	GO:0102117
2.1.1.276	GO:0102118
2.1.1.278	GO:0103007
2.1.1.28	GO:0004603
2.1.1.280	GO:0016205
2.1.1.284	GO:0102526
2.1.1.287	GO:0106142
2.1.1.291	GO:0102917,GO:0102918
2.1.1.295	GO:0102550
2.1.1.297	GO:0102559
2.1.1.3	GO:0047149
2.1.1.319	GO:0035242
2.1.1.320	GO:0035243
2.1.1.321	GO:0035241
2.1.1.322	GO:0019702
2.1.1.33	GO:0008176
2.1.1.34	GO:0141100
2.1.1.345	GO:0140381
2.1.1.35	GO:0030697
2.1.1.354	GO:0140999
2.1.1.355	GO:0140949
2.1.1.356	GO:0046976,GO:0140951
2.1.1.357	GO:0140954
2.1.1.359	GO:0140955
2.1.1.360	GO:0140956
2.1.1.361	GO:0140944
2.1.1.362	GO:0140941
2.1.1.364	GO:0140945
2.1.1.366	GO:0140947
2.1.1.367	GO:0140948
2.1.1.368	GO:0140942
2.1.1.369	GO:0140953
2.1.1.37	GO:0003886
2.1.1.370	GO:0140946
2.1.1.371	GO:0140952
2.1.1.372	GO:0140943
2.1.1.379	GO:0035244
2.1.1.38	GO:0030739
2.1.1.386	GO:0090486
2.1.1.39	GO:0030740
2.1.1.4	GO:0017096
2.1.1.40	GO:0030741
2.1.1.41	GO:0003838
2.1.1.42	GO:0030744,GO:0102822
2.1.1.44	GO:0030745
2.1.1.45	GO:0004799
2.1.1.46	GO:0030746
2.1.1.47	GO:0030747
2.1.1.49	GO:0030748,GO:0102707
2.1.1.5	GO:0047150
2.1.1.50	GO:0030749
2.1.1.53	GO:0030750
2.1.1.54	GO:0050003
2.1.1.55	GO:0016430
2.1.1.56	GO:0004482
2.1.1.57	GO:0004483
2.1.1.59	GO:0000277
2.1.1.6	GO:0016206,GO:0102084,GO:0102938
2.1.1.60	GO:0018025
2.1.1.61	GO:0004808
2.1.1.62	GO:0016422
2.1.1.63	GO:0003908
2.1.1.64	GO:0061542
2.1.1.65	GO:0030751
2.1.1.67	GO:0008119
2.1.1.68	GO:0047763
2.1.1.69	GO:0030752
2.1.1.7	GO:0008938
2.1.1.70	GO:0030753
2.1.1.71	GO:0000773,GO:0080101
2.1.1.72	GO:0009007
2.1.1.74	GO:0047151
2.1.1.75	GO:0030754
2.1.1.76	GO:0030755
2.1.1.77	GO:0004719
2.1.1.78	GO:0030756
2.1.1.79	GO:0008825
2.1.1.8	GO:0046539
2.1.1.80	GO:0008983
2.1.1.82	GO:0030757
2.1.1.83	GO:0030758
2.1.1.84	GO:0030759
2.1.1.85	GO:0018064
2.1.1.86	GO:0030269
2.1.1.87	GO:0030760
2.1.1.88	GO:0030761
2.1.1.89	GO:0030762
2.1.1.9	GO:0018708
2.1.1.90	GO:0047152
2.1.1.91	GO:0030763
2.1.1.94	GO:0030766
2.1.1.95	GO:0050342
2.1.1.96	GO:0004790
2.1.1.97	GO:0030767
2.1.1.98	GO:0004164
2.1.1.99	GO:0030768
2.1.2.1	GO:0004372
2.1.2.10	GO:0004047
2.1.2.11	GO:0003864
2.1.2.13	GO:0099619
2.1.2.2	GO:0004644
2.1.2.3	GO:0004643
2.1.2.4	GO:0030408
2.1.2.5	GO:0030409
2.1.2.7	GO:0050413
2.1.2.8	GO:0047153
2.1.2.9	GO:0004479
2.1.3.1	GO:0047154
2.1.3.2	GO:0004070
2.1.3.3	GO:0004585
2.1.3.5	GO:0050205
2.1.3.6	GO:0050231
2.1.3.7	GO:0047155
2.1.3.8	GO:0050068
2.1.3.9	GO:0043857
2.1.4.1	GO:0015068
2.1.4.2	GO:0015069
2.10.1.1	GO:0061599
2.2.1.1	GO:0004802
2.2.1.2	GO:0004801
2.2.1.3	GO:0047896
2.2.1.4	GO:0047156
2.2.1.5	GO:0050439
2.2.1.6	GO:0003984
2.2.1.7	GO:0008661
2.2.1.8	GO:0033806
2.2.1.9	GO:0070204
2.3.1.1	GO:0004042,GO:0103045
2.3.1.10	GO:0047986
2.3.1.100	GO:0047157
2.3.1.101	GO:0030270
2.3.1.102	GO:0050133
2.3.1.103	GO:0047158
2.3.1.105	GO:0047160
2.3.1.106	GO:0047161
2.3.1.107	GO:0047162
2.3.1.108	GO:0019799
2.3.1.109	GO:0008791
2.3.1.11	GO:0050336
2.3.1.110	GO:0050366
2.3.1.111	GO:0050111
2.3.1.112	GO:0047836
2.3.1.113	GO:0047673
2.3.1.114	GO:0047163
2.3.1.115	GO:0047164
2.3.1.116	GO:0047165
2.3.1.117	GO:0008666
2.3.1.118	GO:0046990
2.3.1.12	GO:0004742
2.3.1.121	GO:0047166
2.3.1.122	GO:0050348
2.3.1.123	GO:0047872
2.3.1.125	GO:0047167
2.3.1.126	GO:0047168
2.3.1.127	GO:0050156
2.3.1.129	GO:0008780
2.3.1.13	GO:0047961
2.3.1.130	GO:0047169
2.3.1.131	GO:0047170
2.3.1.132	GO:0047171
2.3.1.133	GO:0047172
2.3.1.134	GO:0047909
2.3.1.135	GO:0047173,GO:0102279
2.3.1.136	GO:0050208
2.3.1.137	GO:0008458
2.3.1.138	GO:0047174
2.3.1.139	GO:0004173
2.3.1.14	GO:0047947
2.3.1.140	GO:0050266
2.3.1.141	GO:0047175
2.3.1.142	GO:0047965
2.3.1.143	GO:0047176
2.3.1.144	GO:0047672
2.3.1.145	GO:0050199
2.3.1.146	GO:0050198
2.3.1.147	GO:0047177
2.3.1.148	GO:0047178
2.3.1.149	GO:0047179
2.3.1.15	GO:0004366,GO:0102420
2.3.1.150	GO:0047180
2.3.1.151	GO:0047181
2.3.1.152	GO:0047182
2.3.1.153	GO:0047183,GO:0102777,GO:0102815
2.3.1.155	GO:0050633
2.3.1.156	GO:0050634
2.3.1.157	GO:0019134
2.3.1.158	GO:0046027
2.3.1.159	GO:0050635
2.3.1.16	GO:0003988
2.3.1.160	GO:0050636
2.3.1.161	GO:0050637
2.3.1.162	GO:0050638
2.3.1.163	GO:0050639
2.3.1.164	GO:0050640,GO:0102920
2.3.1.165	GO:0050641
2.3.1.166	GO:0050642
2.3.1.167	GO:0050643
2.3.1.168	GO:0043754
2.3.1.169	GO:0043884
2.3.1.17	GO:0017188
2.3.1.170	GO:0033808
2.3.1.171	GO:0033809,GO:0102588
2.3.1.172	GO:0033810
2.3.1.173	GO:0033811
2.3.1.174	GO:0033812
2.3.1.175	GO:0033813
2.3.1.176	GO:0033814,GO:0050632
2.3.1.177	GO:0033815
2.3.1.178	GO:0033816
2.3.1.179	GO:0004315
2.3.1.18	GO:0008870
2.3.1.180	GO:0033818
2.3.1.181	GO:0016415,GO:0033819
2.3.1.183	GO:0102971
2.3.1.184	GO:0061579
2.3.1.188	GO:0102406
2.3.1.189	GO:0035447
2.3.1.19	GO:0050182
2.3.1.191	GO:0103118
2.3.1.192	GO:0102080
2.3.1.195	GO:0102165
2.3.1.198	GO:0090447
2.3.1.199	GO:0009922
2.3.1.2	GO:0047716
2.3.1.20	GO:0004144
2.3.1.21	GO:0004095
2.3.1.211	GO:0102452
2.3.1.214	GO:0102801
2.3.1.215	GO:0102453
2.3.1.217	GO:0102106
2.3.1.219	GO:0102103,GO:0102105
2.3.1.22	GO:0003846
2.3.1.220	GO:0102735
2.3.1.221	GO:0102973
2.3.1.224	GO:0102387,GO:0102720
2.3.1.225	GO:0019706
2.3.1.23	GO:0047184
2.3.1.234	GO:0061711
2.3.1.24	GO:0050291
2.3.1.25	GO:0047159,GO:0050200
2.3.1.255	GO:0004596
2.3.1.26	GO:0034736
2.3.1.267	GO:0008999
2.3.1.27	GO:0047784
2.3.1.274	GO:0043811
2.3.1.28	GO:0008811
2.3.1.286	GO:0033558
2.3.1.29	GO:0008890
2.3.1.3	GO:0047932
2.3.1.30	GO:0009001,GO:0016412
2.3.1.31	GO:0004414
2.3.1.311	GO:0106261
2.3.1.32	GO:0004468
2.3.1.33	GO:0047981
2.3.1.34	GO:0047835
2.3.1.35	GO:0004358
2.3.1.36	GO:0047812
2.3.1.37	GO:0003870
2.3.1.38	GO:0004313
2.3.1.39	GO:0004314,GO:0016419
2.3.1.4	GO:0004343
2.3.1.40	GO:0008779
2.3.1.41	GO:0004315
2.3.1.42	GO:0016287
2.3.1.43	GO:0004607
2.3.1.44	GO:0047185
2.3.1.45	GO:0047186
2.3.1.46	GO:0008899
2.3.1.47	GO:0008710
2.3.1.48	GO:0004402
2.3.1.49	GO:0047187
2.3.1.5	GO:0004060
2.3.1.50	GO:0004758
2.3.1.51	GO:0003841
2.3.1.52	GO:0047144
2.3.1.53	GO:0050176
2.3.1.54	GO:0008861
2.3.1.56	GO:0047188
2.3.1.57	GO:0004145
2.3.1.58	GO:0047189
2.3.1.59	GO:0047921
2.3.1.6	GO:0004102
2.3.1.60	GO:0046353
2.3.1.61	GO:0004149
2.3.1.62	GO:0047190
2.3.1.63	GO:0047191
2.3.1.64	GO:0047634
2.3.1.65	GO:0047963
2.3.1.66	GO:0050050
2.3.1.67	GO:0047192
2.3.1.68	GO:0047946
2.3.1.69	GO:0050107
2.3.1.7	GO:0004092
2.3.1.71	GO:0047962
2.3.1.72	GO:0047194
2.3.1.73	GO:0047195
2.3.1.74	GO:0016210,GO:0102128
2.3.1.75	GO:0047196,GO:0102966
2.3.1.76	GO:0050252
2.3.1.77	GO:0047197
2.3.1.78	GO:0015019
2.3.1.79	GO:0008925
2.3.1.8	GO:0008959
2.3.1.80	GO:0047198
2.3.1.81	GO:0046353
2.3.1.82	GO:0047663
2.3.1.83	GO:0047199
2.3.1.84	GO:0004026
2.3.1.85	GO:0004312
2.3.1.86	GO:0004321
2.3.1.87	GO:0004059
2.3.1.89	GO:0047200
2.3.1.9	GO:0003985
2.3.1.90	GO:0047201
2.3.1.91	GO:0047202
2.3.1.92	GO:0016754
2.3.1.93	GO:0047203
2.3.1.94	GO:0047879
2.3.1.95	GO:0050350
2.3.1.97	GO:0004379
2.3.1.98	GO:0047204
2.3.1.99	GO:0047205
2.3.2.1	GO:0047823
2.3.2.10	GO:0047206
2.3.2.11	GO:0047637
2.3.2.12	GO:0000048
2.3.2.13	GO:0003810
2.3.2.14	GO:0047811
2.3.2.15	GO:0016756
2.3.2.2	GO:0103068
2.3.2.23	GO:0061631
2.3.2.3	GO:0050071
2.3.2.30	GO:0043810
2.3.2.32	GO:0061663
2.3.2.34	GO:0061654
2.3.2.5	GO:0016603
2.3.2.6	GO:0008914
2.3.2.8	GO:0004057
2.3.3.1	GO:0004108
2.3.3.10	GO:0004421
2.3.3.11	GO:0019142
2.3.3.12	GO:0050442
2.3.3.13	GO:0003852
2.3.3.14	GO:0004410
2.3.3.15	GO:0050487
2.3.3.16	GO:0036440
2.3.3.17	GO:0010177
2.3.3.2	GO:0050457
2.3.3.21	GO:0043714
2.3.3.3	GO:0050450
2.3.3.4	GO:0050458
2.3.3.5	GO:0050440
2.3.3.6	GO:0050438
2.3.3.7	GO:0050441
2.3.3.8	GO:0003878
2.3.3.9	GO:0004474
2.4.1.1	GO:0004645,GO:0102250,GO:0102499
2.4.1.10	GO:0050053
2.4.1.100	GO:0047207
2.4.1.101	GO:0003827
2.4.1.102	GO:0003829
2.4.1.103	GO:0047644
2.4.1.104	GO:0047208
2.4.1.105	GO:0050395
2.4.1.106	GO:0050010
2.4.1.109	GO:0004169
2.4.1.11	GO:0004373
2.4.1.110	GO:0016438
2.4.1.111	GO:0047209
2.4.1.113	GO:0047211
2.4.1.114	GO:0047212
2.4.1.115	GO:0047213
2.4.1.116	GO:0047214
2.4.1.117	GO:0004581
2.4.1.118	GO:0047807
2.4.1.12	GO:0016760
2.4.1.120	GO:0050284
2.4.1.121	GO:0047215
2.4.1.122	GO:0016263
2.4.1.123	GO:0047216
2.4.1.125	GO:0047217
2.4.1.126	GO:0047218,GO:0102359,GO:0102361
2.4.1.127	GO:0047219
2.4.1.128	GO:0050275
2.4.1.129	GO:0008955
2.4.1.13	GO:0016157
2.4.1.131	GO:0004377
2.4.1.132	GO:0004378
2.4.1.133	GO:0046525
2.4.1.134	GO:0047220
2.4.1.135	GO:0015018
2.4.1.136	GO:0047913
2.4.1.137	GO:0047221
2.4.1.138	GO:0047222
2.4.1.139	GO:0050420
2.4.1.14	GO:0046524
2.4.1.140	GO:0033824
2.4.1.141	GO:0004577
2.4.1.142	GO:0004578
2.4.1.143	GO:0008455
2.4.1.144	GO:0003830
2.4.1.145	GO:0008454
2.4.1.146	GO:0047223
2.4.1.147	GO:0047224,GO:0106327,GO:0106328
2.4.1.148	GO:0047225,GO:0106325,GO:0106326
2.4.1.149	GO:0008457,GO:0008532
2.4.1.15	GO:0003825
2.4.1.150	GO:0008109
2.4.1.152	GO:0017083
2.4.1.153	GO:0004166
2.4.1.155	GO:0030144
2.4.1.156	GO:0047227
2.4.1.157	GO:0047228
2.4.1.158	GO:0047229
2.4.1.159	GO:0047230
2.4.1.16	GO:0004100
2.4.1.160	GO:0047231
2.4.1.161	GO:0033825
2.4.1.162	GO:0047642
2.4.1.164	GO:0047232
2.4.1.165	GO:0047233
2.4.1.166	GO:0047234
2.4.1.167	GO:0047235
2.4.1.168	GO:0033826
2.4.1.17	GO:0015020
2.4.1.170	GO:0050004
2.4.1.171	GO:0047236
2.4.1.172	GO:0050274
2.4.1.173	GO:0016906,GO:0102202,GO:0102203,GO:0102205
2.4.1.174	GO:0047237
2.4.1.175	GO:0047238
2.4.1.176	GO:0047928
2.4.1.177	GO:0050412
2.4.1.178	GO:0047239
2.4.1.179	GO:0047240
2.4.1.18	GO:0003844,GO:0102752
2.4.1.180	GO:0047241
2.4.1.181	GO:0047242
2.4.1.182	GO:0008915
2.4.1.183	GO:0047657
2.4.1.184	GO:0046480,GO:0102996
2.4.1.185	GO:0047243
2.4.1.186	GO:0008466,GO:0102751
2.4.1.187	GO:0047244
2.4.1.188	GO:0047245
2.4.1.189	GO:0050064
2.4.1.19	GO:0043895
2.4.1.190	GO:0047246
2.4.1.191	GO:0047247
2.4.1.192	GO:0047248
2.4.1.193	GO:0047249
2.4.1.194	GO:0047250
2.4.1.195	GO:0047251,GO:0102659,GO:0103099,GO:0103100,GO:0103101,GO:0103102,GO:0103103
2.4.1.196	GO:0050139
2.4.1.197	GO:0033827
2.4.1.198	GO:0017176
2.4.1.199	GO:0047252
2.4.1.2	GO:0050103
2.4.1.20	GO:0047738
2.4.1.201	GO:0047253
2.4.1.202	GO:0047254
2.4.1.203	GO:0050403
2.4.1.205	GO:0047255
2.4.1.206	GO:0047256
2.4.1.207	GO:0016762
2.4.1.208	GO:0047257
2.4.1.209	GO:0050644
2.4.1.21	GO:0009011,GO:0033201
2.4.1.210	GO:0050645
2.4.1.211	GO:0050500
2.4.1.212	GO:0050501
2.4.1.213	GO:0033828
2.4.1.214	GO:0018392
2.4.1.215	GO:0050502
2.4.1.216	GO:0050503
2.4.1.217	GO:0050504
2.4.1.218	GO:0050505
2.4.1.219	GO:0050506
2.4.1.22	GO:0004461
2.4.1.220	GO:0050507
2.4.1.221	GO:0046922
2.4.1.222	GO:0033829
2.4.1.223	GO:0001888
2.4.1.224	GO:0050508
2.4.1.225	GO:0050509
2.4.1.226	GO:0050510
2.4.1.227	GO:0050511,GO:0051991
2.4.1.228	GO:0050512
2.4.1.229	GO:0033830
2.4.1.23	GO:0047258
2.4.1.230	GO:0033831
2.4.1.232	GO:0033164
2.4.1.234	GO:0033834,GO:0102479
2.4.1.236	GO:0033835
2.4.1.237	GO:0033836
2.4.1.238	GO:0033837
2.4.1.239	GO:0033838
2.4.1.24	GO:0032001
2.4.1.240	GO:0033839
2.4.1.241	GO:0046481
2.4.1.242	GO:0033840,GO:0102502
2.4.1.243	GO:0033841
2.4.1.244	GO:0033842
2.4.1.245	GO:0102986
2.4.1.246	GO:0103011
2.4.1.25	GO:0004134,GO:0102500
2.4.1.250	GO:0102710
2.4.1.253	GO:0102159,GO:0102467,GO:0102468
2.4.1.254	GO:0102160
2.4.1.255	GO:0097363
2.4.1.256	GO:0106073
2.4.1.257	GO:0102704
2.4.1.258	GO:0052925
2.4.1.259	GO:0052926
2.4.1.26	GO:0033820
2.4.1.260	GO:0052917
2.4.1.261	GO:0052918
2.4.1.262	GO:0102793
2.4.1.265	GO:0042283
2.4.1.267	GO:0042281
2.4.1.269	GO:0102921
2.4.1.27	GO:0033821
2.4.1.272	GO:0102240
2.4.1.273	GO:0102241
2.4.1.28	GO:0033822
2.4.1.283	GO:0102319
2.4.1.284	GO:0102318
2.4.1.286	GO:0102890,GO:0102891
2.4.1.289	GO:0102096
2.4.1.29	GO:0016761
2.4.1.290	GO:0102335
2.4.1.294	GO:0102454
2.4.1.297	GO:0102455
2.4.1.298	GO:0102816
2.4.1.299	GO:0102458,GO:0102506,GO:0102510,GO:0102512
2.4.1.30	GO:0047515
2.4.1.300	GO:0102457,GO:0102507,GO:0102511,GO:0102514
2.4.1.31	GO:0050045
2.4.1.32	GO:0047259
2.4.1.323	GO:0102970
2.4.1.325	GO:0102031
2.4.1.33	GO:0047643
2.4.1.34	GO:0003843
2.4.1.345	GO:0043750
2.4.1.35	GO:0050171
2.4.1.36	GO:0047260
2.4.1.37	GO:0004381
2.4.1.370	GO:0103064
2.4.1.376	GO:0140561
2.4.1.38	GO:0003831
2.4.1.39	GO:0047261
2.4.1.4	GO:0047669
2.4.1.40	GO:0004380
2.4.1.41	GO:0004653
2.4.1.43	GO:0047262
2.4.1.44	GO:0008918
2.4.1.46	GO:0046509
2.4.1.47	GO:0003851,GO:0047263
2.4.1.48	GO:0047264,GO:0052818,GO:0052819
2.4.1.49	GO:0050102
2.4.1.5	GO:0047849
2.4.1.50	GO:0050211
2.4.1.52	GO:0047265
2.4.1.53	GO:0047266
2.4.1.54	GO:0047267
2.4.1.56	GO:0008917
2.4.1.58	GO:0008919
2.4.1.60	GO:0047600
2.4.1.62	GO:0047915
2.4.1.63	GO:0050057
2.4.1.64	GO:0047656
2.4.1.65	GO:0017060
2.4.1.66	GO:0033823
2.4.1.67	GO:0047268
2.4.1.68	GO:0008424
2.4.1.69	GO:0008107
2.4.1.7	GO:0009018
2.4.1.70	GO:0047269
2.4.1.71	GO:0047684
2.4.1.73	GO:0047270
2.4.1.74	GO:0047271
2.4.1.78	GO:0047272
2.4.1.79	GO:0047273
2.4.1.8	GO:0050082
2.4.1.80	GO:0008120,GO:0102769
2.4.1.81	GO:0047891
2.4.1.82	GO:0047274
2.4.1.83	GO:0004582
2.4.1.85	GO:0047792
2.4.1.86	GO:0047275
2.4.1.87	GO:0047276
2.4.1.88	GO:0047277
2.4.1.9	GO:0047725
2.4.1.90	GO:0003945
2.4.1.91	GO:0047893,GO:0102360,GO:0102425
2.4.1.92	GO:0003947
2.4.1.94	GO:0016262
2.4.1.96	GO:0047279
2.4.1.97	GO:0047514
2.4.1.99	GO:0050306
2.4.2.1	GO:0004731
2.4.2.10	GO:0004588
2.4.2.12	GO:0047280
2.4.2.14	GO:0004044
2.4.2.15	GO:0047975
2.4.2.16	GO:0050384
2.4.2.17	GO:0003879
2.4.2.18	GO:0004048
2.4.2.19	GO:0004514
2.4.2.2	GO:0016154
2.4.2.20	GO:0047281
2.4.2.21	GO:0008939
2.4.2.22	GO:0000310
2.4.2.23	GO:0047847
2.4.2.24	GO:0047517
2.4.2.25	GO:0047892
2.4.2.26	GO:0030158
2.4.2.27	GO:0047282
2.4.2.28	GO:0017061
2.4.2.3	GO:0004850
2.4.2.30	GO:0003950
2.4.2.31	GO:0106274
2.4.2.32	GO:0047283
2.4.2.33	GO:0047284
2.4.2.34	GO:0050409
2.4.2.35	GO:0047285
2.4.2.36	GO:0047286
2.4.2.37	GO:0030701
2.4.2.38	GO:0050513
2.4.2.39	GO:0033843
2.4.2.4	GO:0009032
2.4.2.40	GO:0050404
2.4.2.41	GO:0102983
2.4.2.42	GO:0140563
2.4.2.43	GO:0103015
2.4.2.5	GO:0050147
2.4.2.51	GO:0102580
2.4.2.52	GO:0046917
2.4.2.53	GO:0099621
2.4.2.6	GO:0050144
2.4.2.62	GO:0140560
2.4.2.63	GO:0140562
2.4.2.64	GO:0008479
2.4.2.7	GO:0003999
2.4.2.8	GO:0004422,GO:0052657
2.4.2.9	GO:0004845
2.4.3.1	GO:0003835
2.4.3.2	GO:0047288
2.4.3.3	GO:0001665
2.4.3.4	GO:0003836
2.4.3.5	GO:0047289
2.4.3.6	GO:0008118
2.4.3.7	GO:0047290
2.4.3.8	GO:0003828
2.4.3.9	GO:0047291
2.4.99.12	GO:0043842
2.4.99.13	GO:0043842
2.4.99.14	GO:0043842
2.4.99.15	GO:0043842
2.4.99.17	GO:0051075
2.4.99.18	GO:0004579
2.5.1.1	GO:0004161
2.5.1.10	GO:0004337
2.5.1.104	GO:0043918,GO:0043919
2.5.1.105	GO:0102041,GO:0102638
2.5.1.108	GO:0090560
2.5.1.114	GO:0102522
2.5.1.116	GO:0102551
2.5.1.117	GO:0102661
2.5.1.120	GO:0102573
2.5.1.129	GO:0106141
2.5.1.141	GO:0008495
2.5.1.145	GO:0008961
2.5.1.147	GO:0141093
2.5.1.15	GO:0004156
2.5.1.16	GO:0004766
2.5.1.17	GO:0008817
2.5.1.18	GO:0004364
2.5.1.19	GO:0003866
2.5.1.2	GO:0050332
2.5.1.20	GO:0050267
2.5.1.21	GO:0004310,GO:0051996
2.5.1.22	GO:0016768
2.5.1.23	GO:0050314
2.5.1.24	GO:0047870
2.5.1.25	GO:0016432
2.5.1.26	GO:0008609
2.5.1.27	GO:0009824
2.5.1.28	GO:0047863
2.5.1.29	GO:0004311
2.5.1.3	GO:0004789
2.5.1.30	GO:0000010
2.5.1.31	GO:0008834
2.5.1.32	GO:0016767
2.5.1.34	GO:0050364
2.5.1.35	GO:0047691
2.5.1.36	GO:0047292
2.5.1.38	GO:0050007
2.5.1.39	GO:0002083,GO:0008412,GO:0047293
2.5.1.4	GO:0047625
2.5.1.41	GO:0047294
2.5.1.42	GO:0047295
2.5.1.43	GO:0030410
2.5.1.44	GO:0047296
2.5.1.45	GO:0050514
2.5.1.46	GO:0034038
2.5.1.47	GO:0004124
2.5.1.48	GO:0003962,GO:0102028
2.5.1.49	GO:0003961
2.5.1.5	GO:0033844
2.5.1.50	GO:0050447
2.5.1.51	GO:0047458
2.5.1.52	GO:0050461
2.5.1.53	GO:0050471
2.5.1.54	GO:0003849
2.5.1.55	GO:0008676
2.5.1.56	GO:0050462
2.5.1.57	GO:0047444
2.5.1.58	GO:0004660
2.5.1.59	GO:0004662
2.5.1.6	GO:0004478
2.5.1.60	GO:0004663
2.5.1.61	GO:0004418
2.5.1.62	GO:0046408
2.5.1.63	GO:0033846
2.5.1.65	GO:0033847
2.5.1.66	GO:0033848
2.5.1.67	GO:0033849
2.5.1.68	GO:0033850
2.5.1.69	GO:0033851
2.5.1.7	GO:0008760
2.5.1.73	GO:0043766
2.5.1.74	GO:0046428
2.5.1.75	GO:0052381
2.5.1.76	GO:0044686
2.5.1.78	GO:0000906
2.5.1.79	GO:0010487
2.5.1.81	GO:0044687
2.5.1.82	GO:0052922
2.5.1.83	GO:0036423
2.5.1.84	GO:0052923
2.5.1.85	GO:0052924
2.5.1.87	GO:0045547
2.5.1.9	GO:0004746
2.5.1.90	GO:0106350
2.5.1.91	GO:0097269
2.5.1.92	GO:0102059
2.5.1.93	GO:0102930
2.6.1.1	GO:0004069
2.6.1.102	GO:0102933
2.6.1.11	GO:0003992
2.6.1.12	GO:0047635
2.6.1.13	GO:0004587
2.6.1.14	GO:0047297
2.6.1.15	GO:0047945
2.6.1.16	GO:0004360
2.6.1.17	GO:0009016
2.6.1.18	GO:0016223
2.6.1.19	GO:0034386
2.6.1.2	GO:0004021
2.6.1.21	GO:0047810
2.6.1.22	GO:0047298
2.6.1.23	GO:0047578
2.6.1.24	GO:0047861
2.6.1.26	GO:0033852
2.6.1.27	GO:0050362
2.6.1.28	GO:0047299
2.6.1.29	GO:0019161
2.6.1.3	GO:0047801
2.6.1.30	GO:0047300
2.6.1.31	GO:0019162
2.6.1.32	GO:0047301
2.6.1.33	GO:0019179
2.6.1.34	GO:0047302
2.6.1.35	GO:0047303
2.6.1.36	GO:0045484
2.6.1.37	GO:0047304
2.6.1.38	GO:0008110
2.6.1.39	GO:0047536
2.6.1.4	GO:0047958
2.6.1.40	GO:0047305
2.6.1.41	GO:0047306
2.6.1.42	GO:0004084,GO:0052654,GO:0052655,GO:0052656
2.6.1.43	GO:0047665
2.6.1.44	GO:0008453
2.6.1.45	GO:0050281
2.6.1.46	GO:0047307
2.6.1.47	GO:0047308
2.6.1.48	GO:0047589
2.6.1.49	GO:0047309
2.6.1.5	GO:0004838
2.6.1.50	GO:0047310,GO:0080100
2.6.1.51	GO:0004760
2.6.1.52	GO:0004648
2.6.1.54	GO:0019163
2.6.1.55	GO:0050322
2.6.1.56	GO:0047311
2.6.1.57	GO:0008793,GO:0080130
2.6.1.58	GO:0047312,GO:0080098
2.6.1.59	GO:0019180
2.6.1.6	GO:0050048
2.6.1.60	GO:0047313
2.6.1.62	GO:0004015
2.6.1.63	GO:0047315
2.6.1.64	GO:0047316
2.6.1.65	GO:0047317
2.6.1.66	GO:0009042
2.6.1.67	GO:0047537
2.6.1.7	GO:0016212
2.6.1.70	GO:0047319
2.6.1.71	GO:0050065
2.6.1.72	GO:0047320
2.6.1.73	GO:0050094
2.6.1.74	GO:0047740
2.6.1.75	GO:0047802
2.6.1.76	GO:0045303
2.6.1.77	GO:0031299
2.6.1.78	GO:0033853
2.6.1.79	GO:0033854
2.6.1.80	GO:0033855
2.6.1.81	GO:0043825
2.6.1.82	GO:0033094
2.6.1.83	GO:0010285
2.6.1.85	GO:0046820
2.6.1.87	GO:0099620
2.6.1.9	GO:0004400
2.6.1.96	GO:0034387,GO:0102351
2.6.1.97	GO:0002948
2.6.1.99	GO:0080097
2.6.3.1	GO:0050206
2.6.99.1	GO:0047839
2.6.99.2	GO:0033856
2.7.1.1	GO:0004396
2.7.1.10	GO:0050190
2.7.1.100	GO:0046522
2.7.1.101	GO:0050317
2.7.1.102	GO:0047976
2.7.1.103	GO:0050394
2.7.1.105	GO:0003873
2.7.1.106	GO:0047933
2.7.1.107	GO:0004143
2.7.1.108	GO:0004168
2.7.1.11	GO:0003872
2.7.1.113	GO:0004138
2.7.1.114	GO:0047667
2.7.1.118	GO:0047628
2.7.1.119	GO:0008904
2.7.1.12	GO:0046316
2.7.1.121	GO:0047324
2.7.1.122	GO:0050400
2.7.1.127	GO:0008440
2.7.1.13	GO:0047841
2.7.1.130	GO:0009029
2.7.1.134	GO:0047325
2.7.1.136	GO:0050073
2.7.1.137	GO:0016303
2.7.1.138	GO:0001729,GO:0102773
2.7.1.14	GO:0050277
2.7.1.140	GO:0047326,GO:0102732
2.7.1.142	GO:0047327
2.7.1.143	GO:0008842
2.7.1.144	GO:0009024
2.7.1.145	GO:0019136
2.7.1.146	GO:0043844
2.7.1.147	GO:0043843
2.7.1.148	GO:0050515
2.7.1.149	GO:0016309
2.7.1.15	GO:0004747
2.7.1.150	GO:0000285
2.7.1.151	GO:0000823
2.7.1.153	GO:0046934
2.7.1.154	GO:0035005
2.7.1.156	GO:0043752
2.7.1.157	GO:0033858
2.7.1.158	GO:0035299
2.7.1.159	GO:0052725,GO:0052726
2.7.1.16	GO:0008741
2.7.1.160	GO:0000215
2.7.1.164	GO:0043915
2.7.1.165	GO:0043798
2.7.1.167	GO:0033785
2.7.1.17	GO:0004856
2.7.1.171	GO:0102194
2.7.1.172	GO:0102193
2.7.1.174	GO:0141035
2.7.1.18	GO:0050195
2.7.1.182	GO:0010276
2.7.1.184	GO:0061594
2.7.1.19	GO:0008974
2.7.1.190	GO:0034071
2.7.1.2	GO:0004340
2.7.1.20	GO:0004001
2.7.1.206	GO:0022871
2.7.1.21	GO:0004797
2.7.1.213	GO:0043771
2.7.1.216	GO:0052668,GO:0052672,GO:0102243
2.7.1.22	GO:0050262
2.7.1.222	GO:0140383
2.7.1.227	GO:0045140
2.7.1.23	GO:0003951
2.7.1.24	GO:0004140
2.7.1.25	GO:0004020
2.7.1.26	GO:0008531
2.7.1.27	GO:0047878
2.7.1.28	GO:0050354
2.7.1.29	GO:0004371
2.7.1.3	GO:0004454
2.7.1.30	GO:0004370
2.7.1.31	GO:0008887
2.7.1.32	GO:0004103
2.7.1.33	GO:0004594
2.7.1.34	GO:0050165
2.7.1.35	GO:0008478
2.7.1.36	GO:0004496
2.7.1.39	GO:0004413
2.7.1.4	GO:0008865
2.7.1.40	GO:0004743
2.7.1.41	GO:0047937
2.7.1.42	GO:0050257
2.7.1.43	GO:0047940
2.7.1.44	GO:0047912
2.7.1.45	GO:0008673
2.7.1.46	GO:0009702
2.7.1.47	GO:0019150
2.7.1.48	GO:0004849
2.7.1.49	GO:0008902
2.7.1.5	GO:0008993
2.7.1.50	GO:0004417
2.7.1.51	GO:0008737
2.7.1.52	GO:0050201
2.7.1.53	GO:0008744
2.7.1.54	GO:0047814
2.7.1.55	GO:0008787
2.7.1.56	GO:0008662
2.7.1.58	GO:0008671
2.7.1.59	GO:0045127
2.7.1.6	GO:0004335
2.7.1.60	GO:0009384
2.7.1.61	GO:0047328
2.7.1.62	GO:0047329
2.7.1.63	GO:0047330
2.7.1.64	GO:0019140
2.7.1.65	GO:0050276
2.7.1.66	GO:0009038
2.7.1.67	GO:0004430
2.7.1.68	GO:0016308
2.7.1.69	GO:0103111
2.7.1.7	GO:0019158
2.7.1.71	GO:0004765
2.7.1.72	GO:0050300
2.7.1.73	GO:0008906,GO:0106366
2.7.1.74	GO:0004137
2.7.1.76	GO:0004136
2.7.1.77	GO:0050146
2.7.1.78	GO:0051734
2.7.1.79	GO:0047331
2.7.1.8	GO:0047931
2.7.1.80	GO:0047332
2.7.1.81	GO:0047992
2.7.1.82	GO:0004305
2.7.1.83	GO:0050225
2.7.1.84	GO:0047650
2.7.1.85	GO:0047700
2.7.1.86	GO:0042736
2.7.1.87	GO:0050299
2.7.1.88	GO:0047333
2.7.1.89	GO:0019165
2.7.1.90	GO:0047334
2.7.1.91	GO:0008481,GO:0017050
2.7.1.92	GO:0047590
2.7.1.93	GO:0047649
2.7.1.94	GO:0047620
2.7.1.95	GO:0008910
2.7.10.1	GO:0004714
2.7.10.2	GO:0004713,GO:0004715
2.7.11.1	GO:0004674
2.7.11.10	GO:0008384
2.7.11.11	GO:0004679,GO:0004691
2.7.11.12	GO:0004692
2.7.11.13	GO:0004697
2.7.11.14	GO:0050254
2.7.11.15	GO:0047696
2.7.11.16	GO:0004703
2.7.11.17	GO:0004683
2.7.11.18	GO:0004687
2.7.11.19	GO:0004689
2.7.11.2	GO:0004740
2.7.11.20	GO:0004686
2.7.11.22	GO:0004693
2.7.11.23	GO:0008353
2.7.11.24	GO:0004707
2.7.11.25	GO:0004709
2.7.11.26	GO:0050321
2.7.11.27	GO:0050405
2.7.11.28	GO:0050359
2.7.11.3	GO:0047848
2.7.11.30	GO:0004675
2.7.11.31	GO:0047322
2.7.11.4	GO:0047323
2.7.11.5	GO:0008772
2.7.11.6	GO:0050369
2.7.11.7	GO:0016905
2.7.11.8	GO:0033867
2.7.12.1	GO:0004712
2.7.12.2	GO:0004708
2.7.13.1	GO:0008256
2.7.13.2	GO:0008257
2.7.13.3	GO:0004673
2.7.2.1	GO:0008776
2.7.2.10	GO:0050191
2.7.2.11	GO:0004349
2.7.2.12	GO:0047601
2.7.2.14	GO:0047758
2.7.2.15	GO:0008980
2.7.2.2	GO:0008804
2.7.2.3	GO:0004618
2.7.2.4	GO:0004072
2.7.2.6	GO:0047900
2.7.2.7	GO:0047761
2.7.2.8	GO:0003991
2.7.3.1	GO:0047973
2.7.3.10	GO:0047633
2.7.3.2	GO:0004111
2.7.3.3	GO:0004054
2.7.3.4	GO:0050324
2.7.3.5	GO:0050059
2.7.3.6	GO:0047715
2.7.3.7	GO:0050154
2.7.3.8	GO:0047666
2.7.3.9	GO:0008965
2.7.4.1	GO:0008976
2.7.4.10	GO:0046899
2.7.4.11	GO:0047506
2.7.4.12	GO:0050316
2.7.4.13	GO:0047507
2.7.4.14	GO:0004127
2.7.4.15	GO:0050331
2.7.4.16	GO:0009030
2.7.4.17	GO:0047335
2.7.4.18	GO:0047887
2.7.4.19	GO:0047336
2.7.4.2	GO:0004631
2.7.4.20	GO:0047337
2.7.4.21	GO:0000827,GO:0000832,GO:0052723,GO:0052724
2.7.4.22	GO:0033862
2.7.4.23	GO:0033863
2.7.4.24	GO:0033857
2.7.4.26	GO:0102043
2.7.4.3	GO:0004017
2.7.4.4	GO:0050145
2.7.4.6	GO:0004550
2.7.4.7	GO:0008972
2.7.4.8	GO:0004385
2.7.4.9	GO:0004798
2.7.6.1	GO:0004749
2.7.6.2	GO:0004788
2.7.6.3	GO:0003848
2.7.6.4	GO:0050148
2.7.6.5	GO:0008728
2.7.7.1	GO:0000309
2.7.7.10	GO:0017103
2.7.7.101	GO:0003896
2.7.7.108	GO:0070733
2.7.7.11	GO:0047338
2.7.7.12	GO:0008108
2.7.7.13	GO:0004475
2.7.7.14	GO:0004306
2.7.7.15	GO:0004105
2.7.7.18	GO:0004515
2.7.7.19	GO:1990817
2.7.7.2	GO:0003919
2.7.7.22	GO:0008928
2.7.7.23	GO:0003977
2.7.7.24	GO:0008879
2.7.7.27	GO:0008878
2.7.7.28	GO:0047339
2.7.7.3	GO:0004595
2.7.7.30	GO:0047341
2.7.7.31	GO:0003912
2.7.7.32	GO:0047342
2.7.7.33	GO:0047343
2.7.7.34	GO:0047344
2.7.7.35	GO:0047345
2.7.7.36	GO:0047346
2.7.7.37	GO:0047347
2.7.7.38	GO:0008690
2.7.7.39	GO:0047348
2.7.7.4	GO:0004781
2.7.7.40	GO:0047349
2.7.7.41	GO:0004605
2.7.7.42	GO:0008882
2.7.7.43	GO:0008781
2.7.7.44	GO:0047350
2.7.7.45	GO:0047351
2.7.7.46	GO:0008871
2.7.7.47	GO:0009012
2.7.7.48	GO:0003968
2.7.7.49	GO:0003964
2.7.7.5	GO:0004780
2.7.7.50	GO:0004484
2.7.7.51	GO:0047352
2.7.7.52	GO:0050265
2.7.7.53	GO:0003877
2.7.7.56	GO:0009022
2.7.7.57	GO:0047353
2.7.7.58	GO:0008668
2.7.7.59	GO:0008773
2.7.7.6	GO:0003899
2.7.7.60	GO:0050518
2.7.7.61	GO:0050519
2.7.7.62	GO:0008820
2.7.7.64	GO:0051748
2.7.7.65	GO:0052621
2.7.7.67	GO:0043338
2.7.7.68	GO:0043814
2.7.7.69	GO:0010471,GO:0010472,GO:0080047
2.7.7.7	GO:0003887
2.7.7.72	GO:0004810
2.7.7.75	GO:0061598
2.7.7.76	GO:0061602
2.7.7.77	GO:0061603
2.7.7.78	GO:0080048
2.7.7.79	GO:0008193
2.7.7.8	GO:0004654
2.7.7.80	GO:0061605
2.7.7.83	GO:0052630
2.7.7.84	GO:0001730
2.7.7.85	GO:0106408
2.7.7.86	GO:0061501
2.7.7.87	GO:0061710
2.7.7.89	GO:0047388
2.7.7.9	GO:0003983
2.7.8.1	GO:0004307
2.7.8.10	GO:0047354
2.7.8.11	GO:0003881
2.7.8.12	GO:0047355
2.7.8.13	GO:0008963,GO:0051992
2.7.8.14	GO:0047356
2.7.8.15	GO:0003975
2.7.8.17	GO:0003976
2.7.8.18	GO:0047357
2.7.8.19	GO:0047358
2.7.8.2	GO:0004142
2.7.8.20	GO:0008960
2.7.8.21	GO:0047495
2.7.8.22	GO:0047359
2.7.8.23	GO:0008807
2.7.8.24	GO:0050520
2.7.8.26	GO:0051073
2.7.8.27	GO:0033188
2.7.8.28	GO:0043743
2.7.8.29	GO:0106245
2.7.8.3	GO:0047493
2.7.8.33	GO:0036380
2.7.8.36	GO:0102334
2.7.8.37	GO:0061693
2.7.8.38	GO:0043761
2.7.8.4	GO:0047494
2.7.8.41	GO:0043337
2.7.8.5	GO:0008444
2.7.8.6	GO:0047360
2.7.8.7	GO:0008897
2.7.8.8	GO:0003882
2.7.8.9	GO:0047361
2.7.8.n3	GO:0002950
2.7.9.1	GO:0050242
2.7.9.2	GO:0008986
2.7.9.3	GO:0004756
2.7.9.4	GO:0050521,GO:0102216,GO:0102218
2.7.9.5	GO:0051752,GO:0102217,GO:0102219
2.7.99.1	GO:0047321
2.8.1.1	GO:0004792
2.8.1.11	GO:0061604
2.8.1.12	GO:0030366
2.8.1.14	GO:0061708
2.8.1.2	GO:0016784
2.8.1.3	GO:0050337
2.8.1.4	GO:0140741
2.8.1.5	GO:0047362
2.8.1.6	GO:0004076
2.8.1.7	GO:0031071
2.8.1.8	GO:0016992
2.8.1.9	GO:0008265,GO:0102867
2.8.2.1	GO:0004062
2.8.2.10	GO:0050249
2.8.2.11	GO:0001733
2.8.2.13	GO:0050226
2.8.2.14	GO:0047704
2.8.2.15	GO:0050294
2.8.2.16	GO:0033870
2.8.2.17	GO:0008459
2.8.2.18	GO:0047785
2.8.2.19	GO:0047363
2.8.2.2	GO:0004027
2.8.2.20	GO:0008476
2.8.2.21	GO:0045130
2.8.2.22	GO:0047686
2.8.2.23	GO:0008467
2.8.2.24	GO:0047364
2.8.2.25	GO:0047894
2.8.2.26	GO:0047365
2.8.2.27	GO:0047366
2.8.2.28	GO:0047367
2.8.2.29	GO:0033871
2.8.2.3	GO:0047685
2.8.2.30	GO:0033872
2.8.2.31	GO:0033873
2.8.2.32	GO:0033874
2.8.2.33	GO:0050659
2.8.2.34	GO:0033876
2.8.2.39	GO:0102055,GO:0102056
2.8.2.4	GO:0004304
2.8.2.5	GO:0047756
2.8.2.6	GO:0047754
2.8.2.7	GO:0047368
2.8.2.8	GO:0015016
2.8.2.9	GO:0017067
2.8.3.1	GO:0018729
2.8.3.10	GO:0008814
2.8.3.11	GO:0047775
2.8.3.12	GO:0018730
2.8.3.13	GO:0047369
2.8.3.14	GO:0047591
2.8.3.15	GO:0033877
2.8.3.16	GO:0033608
2.8.3.17	GO:0043785
2.8.3.2	GO:0050161
2.8.3.20	GO:0043961
2.8.3.25	GO:0033881
2.8.3.3	GO:0050078
2.8.3.5	GO:0008260
2.8.3.6	GO:0047569
2.8.3.8	GO:0008775
2.8.3.9	GO:0047371
2.8.4.1	GO:0050524
2.8.4.2	GO:0102100
2.8.4.4	GO:0103039
2.8.4.5	GO:0061712
2.9.1.1	GO:0004125
2.9.1.2	GO:0098621
2.9.1.3	GO:0043828
3.1.1.1	GO:0106435
3.1.1.10	GO:0050357
3.1.1.11	GO:0030599
3.1.1.13	GO:0004771
3.1.1.14	GO:0047746,GO:0102293
3.1.1.15	GO:0050021
3.1.1.17	GO:0004341
3.1.1.19	GO:0050389
3.1.1.2	GO:0004064
3.1.1.20	GO:0050318
3.1.1.22	GO:0047989
3.1.1.23	GO:0047372
3.1.1.24	GO:0047570
3.1.1.25	GO:0050490
3.1.1.26	GO:0047714,GO:0102549
3.1.1.27	GO:0047585
3.1.1.28	GO:0047619
3.1.1.29	GO:0004045
3.1.1.3	GO:0004806
3.1.1.30	GO:0047815
3.1.1.31	GO:0017057
3.1.1.32	GO:0008970,GO:0052739,GO:0052740
3.1.1.33	GO:0047593
3.1.1.34	GO:0004465
3.1.1.35	GO:0018733,GO:0047856
3.1.1.36	GO:0050055
3.1.1.37	GO:0050293
3.1.1.38	GO:0050349
3.1.1.39	GO:0047615
3.1.1.4	GO:0004623
3.1.1.40	GO:0050160
3.1.1.41	GO:0047739
3.1.1.42	GO:0047745
3.1.1.43	GO:0047658
3.1.1.44	GO:0047583
3.1.1.45	GO:0008806
3.1.1.46	GO:0047845
3.1.1.47	GO:0003847
3.1.1.48	GO:0047908
3.1.1.49	GO:0050285
3.1.1.5	GO:0004622,GO:0102545
3.1.1.50	GO:0050398
3.1.1.51	GO:0050181
3.1.1.52	GO:0050185
3.1.1.53	GO:0001681
3.1.1.54	GO:0047373
3.1.1.55	GO:0047610
3.1.1.56	GO:0047374
3.1.1.57	GO:0047554
3.1.1.58	GO:0047375
3.1.1.59	GO:0004453
3.1.1.6	GO:0008126
3.1.1.60	GO:0047709
3.1.1.61	GO:0008984
3.1.1.63	GO:0047520
3.1.1.64	GO:0052884,GO:0052885
3.1.1.65	GO:0050033
3.1.1.66	GO:0047377
3.1.1.67	GO:0030339
3.1.1.68	GO:0050402
3.1.1.7	GO:0003990
3.1.1.70	GO:0047741
3.1.1.71	GO:0047378
3.1.1.72	GO:0046555
3.1.1.73	GO:0030600
3.1.1.74	GO:0050525
3.1.1.75	GO:0050526
3.1.1.76	GO:0050527
3.1.1.77	GO:0050528
3.1.1.78	GO:0050529
3.1.1.79	GO:0033878
3.1.1.8	GO:0004104
3.1.1.80	GO:0033879
3.1.1.81	GO:0102007
3.1.1.82	GO:0035560
3.1.1.88	GO:0102209
3.1.1.91	GO:0102355
3.1.1.92	GO:0018732,GO:0102998
3.1.1.93	GO:0102390
3.1.1.94	GO:0140397
3.1.1.95	GO:0102530,GO:0102542,GO:0102543
3.1.1.96	GO:0051499
3.1.1.97	GO:0061685
3.1.1.98	GO:1990699
3.1.11.1	GO:0008310
3.1.11.2	GO:0008311
3.1.11.5	GO:0008854
3.1.11.6	GO:0008855
3.1.13.1	GO:0008859
3.1.13.2	GO:0004533
3.1.13.3	GO:0008946
3.1.13.4	GO:0004535
3.1.13.5	GO:0033890
3.1.2.1	GO:0003986
3.1.2.10	GO:0047901
3.1.2.11	GO:0047603
3.1.2.12	GO:0018738
3.1.2.13	GO:0050273
3.1.2.14	GO:0016297
3.1.2.16	GO:0047778
3.1.2.17	GO:0047511
3.1.2.18	GO:0047379
3.1.2.19	GO:0047380
3.1.2.2	GO:0016290,GO:0102991
3.1.2.20	GO:0047617
3.1.2.21	GO:0047381
3.1.2.22	GO:0008474
3.1.2.23	GO:0018739
3.1.2.25	GO:0033880
3.1.2.27	GO:0033882
3.1.2.3	GO:0004778,GO:0044466
3.1.2.4	GO:0003860
3.1.2.5	GO:0047994
3.1.2.6	GO:0004416
3.1.2.7	GO:0047951
3.1.21.1	GO:0004530
3.1.21.10	GO:0008821
3.1.21.2	GO:0008833
3.1.21.3	GO:0009035
3.1.21.4	GO:0009036
3.1.21.5	GO:0015668
3.1.21.6	GO:0033891
3.1.21.7	GO:0043737
3.1.22.1	GO:0004531
3.1.25.1	GO:0033892
3.1.26.10	GO:0033896
3.1.26.11	GO:0042781
3.1.26.3	GO:0004525
3.1.26.4	GO:0004523
3.1.26.5	GO:0004526
3.1.26.6	GO:0033893
3.1.26.7	GO:0033894
3.1.26.8	GO:0043822
3.1.26.9	GO:0033895
3.1.27.7	GO:0033900
3.1.27.8	GO:0033901
3.1.3.1	GO:0004035
3.1.3.10	GO:0008877
3.1.3.100	GO:0042131
3.1.3.108	GO:0019178,GO:0102757
3.1.3.11	GO:0042132
3.1.3.12	GO:0004805
3.1.3.14	GO:0047382
3.1.3.15	GO:0004401
3.1.3.16	GO:0004722,GO:0017018
3.1.3.17	GO:0050196
3.1.3.18	GO:0008967
3.1.3.19	GO:0047954
3.1.3.2	GO:0003993
3.1.3.20	GO:0050192
3.1.3.21	GO:0000121
3.1.3.22	GO:0050084
3.1.3.23	GO:0050308
3.1.3.24	GO:0050307
3.1.3.25	GO:0008934,GO:0052832,GO:0052833,GO:0052834
3.1.3.26	GO:0008707
3.1.3.27	GO:0008962
3.1.3.28	GO:0047630
3.1.3.29	GO:0050124
3.1.3.3	GO:0036424
3.1.3.32	GO:0046403
3.1.3.33	GO:0004651
3.1.3.34	GO:0047846
3.1.3.35	GO:0050340
3.1.3.36	GO:0004439
3.1.3.37	GO:0050278
3.1.3.38	GO:0047572
3.1.3.39	GO:0050301
3.1.3.4	GO:0008195
3.1.3.40	GO:0047383
3.1.3.42	GO:0050407
3.1.3.43	GO:0004741,GO:0019909
3.1.3.44	GO:0050406
3.1.3.45	GO:0019143
3.1.3.46	GO:0004331
3.1.3.47	GO:0047384
3.1.3.48	GO:0004725
3.1.3.49	GO:0050408
3.1.3.5	GO:0008253,GO:0106411
3.1.3.50	GO:0050286
3.1.3.51	GO:0047873
3.1.3.52	GO:0047385
3.1.3.53	GO:0050115
3.1.3.54	GO:0047386
3.1.3.55	GO:0047765
3.1.3.56	GO:0004445,GO:0052658,GO:0052659
3.1.3.57	GO:0004441
3.1.3.58	GO:0050309
3.1.3.59	GO:0047647
3.1.3.6	GO:0008254
3.1.3.60	GO:0050189
3.1.3.62	GO:0004446,GO:0052826
3.1.3.63	GO:0047538
3.1.3.64	GO:0004438
3.1.3.66	GO:0016316
3.1.3.67	GO:0016314
3.1.3.68	GO:0003850
3.1.3.69	GO:0050530
3.1.3.7	GO:0008441
3.1.3.70	GO:0050531
3.1.3.71	GO:0050532
3.1.3.72	GO:0050533
3.1.3.73	GO:0043755
3.1.3.74	GO:0033883
3.1.3.75	GO:0052731,GO:0052732
3.1.3.76	GO:0033885
3.1.3.77	GO:0043874
3.1.3.78	GO:0034597
3.1.3.8	GO:0016158
3.1.3.80	GO:0034417
3.1.3.86	GO:0034485
3.1.3.9	GO:0004346
3.1.3.95	GO:0052629
3.1.3.96	GO:1990738
3.1.3.97	GO:0097657
3.1.31.1	GO:0016894
3.1.4.1	GO:0004528
3.1.4.11	GO:0004435
3.1.4.12	GO:0004767
3.1.4.13	GO:0047387
3.1.4.14	GO:0008770
3.1.4.16	GO:0008663
3.1.4.17	GO:0004114
3.1.4.2	GO:0047389
3.1.4.3	GO:0034480
3.1.4.35	GO:0047555
3.1.4.37	GO:0004113
3.1.4.38	GO:0047390
3.1.4.39	GO:0047391
3.1.4.4	GO:0004630,GO:0070290
3.1.4.40	GO:0047392
3.1.4.41	GO:0050290
3.1.4.42	GO:0047393
3.1.4.43	GO:0047394
3.1.4.44	GO:0047395
3.1.4.45	GO:0003944
3.1.4.46	GO:0008889
3.1.4.48	GO:0047397
3.1.4.49	GO:0047398
3.1.4.50	GO:0004621
3.1.4.51	GO:0047399
3.1.4.52	GO:0071111
3.1.4.53	GO:0004115
3.1.4.54	GO:0102200
3.1.4.55	GO:0103043
3.1.4.57	GO:0102560,GO:0102561
3.1.4.59	GO:0106409
3.1.5.1	GO:0008832
3.1.6.1	GO:0004065
3.1.6.10	GO:0033888
3.1.6.11	GO:0047871
3.1.6.12	GO:0003943
3.1.6.13	GO:0004423
3.1.6.14	GO:0008449
3.1.6.15	GO:0033889
3.1.6.16	GO:0050106
3.1.6.17	GO:0047825
3.1.6.18	GO:0015024
3.1.6.2	GO:0004773
3.1.6.21	GO:0018741
3.1.6.3	GO:0047966
3.1.6.4	GO:0043890
3.1.6.6	GO:0047753
3.1.6.7	GO:0033886
3.1.6.8	GO:0004098
3.1.6.9	GO:0033887
3.1.7.1	GO:0050210
3.1.7.10	GO:0102305
3.1.7.2	GO:0008893
3.1.7.3	GO:0050108
3.1.8.1	GO:0004063
3.1.8.2	GO:0047862
3.10.1.1	GO:0016250
3.10.1.2	GO:0018789
3.11.1.1	GO:0050194
3.11.1.2	GO:0047400
3.11.1.3	GO:0033978
3.12.1.1	GO:0047401
3.13.1.1	GO:0046507
3.13.1.3	GO:0018740
3.13.2.1	GO:0004013
3.2.1.1	GO:0004556
3.2.1.10	GO:0004574
3.2.1.100	GO:0033928
3.2.1.101	GO:0008496
3.2.1.102	GO:0033929
3.2.1.103	GO:0033930
3.2.1.104	GO:0050295
3.2.1.105	GO:0050422
3.2.1.106	GO:0004573
3.2.1.107	GO:0047402
3.2.1.108	GO:0000016
3.2.1.109	GO:0033931
3.2.1.11	GO:0033904
3.2.1.111	GO:0033932
3.2.1.112	GO:0047539
3.2.1.113	GO:0004571
3.2.1.114	GO:0004572
3.2.1.115	GO:0033933
3.2.1.116	GO:0033934
3.2.1.117	GO:0047668
3.2.1.118	GO:0050224
3.2.1.119	GO:0050392
3.2.1.120	GO:0033935
3.2.1.121	GO:0033936
3.2.1.122	GO:0050081
3.2.1.123	GO:0047876
3.2.1.124	GO:0033937
3.2.1.125	GO:0050247
3.2.1.126	GO:0047782
3.2.1.127	GO:0033938
3.2.1.128	GO:0047967
3.2.1.129	GO:0016996
3.2.1.130	GO:0004569
3.2.1.131	GO:0033939
3.2.1.132	GO:0016977
3.2.1.133	GO:0043897
3.2.1.135	GO:0031216
3.2.1.136	GO:0033940
3.2.1.137	GO:0033941
3.2.1.139	GO:0046559
3.2.1.14	GO:0004568
3.2.1.140	GO:0047403
3.2.1.141	GO:0033942
3.2.1.142	GO:0010303
3.2.1.143	GO:0004649
3.2.1.144	GO:0050534
3.2.1.145	GO:0033943
3.2.1.146	GO:0033944
3.2.1.147	GO:0019137,GO:0102799
3.2.1.149	GO:0050535,GO:0102402,GO:0102404
3.2.1.15	GO:0004650
3.2.1.150	GO:0033945
3.2.1.151	GO:0033946
3.2.1.152	GO:0033947
3.2.1.153	GO:0033948
3.2.1.154	GO:0033949
3.2.1.155	GO:0033950
3.2.1.156	GO:0033951
3.2.1.157	GO:0033952
3.2.1.158	GO:0033953
3.2.1.159	GO:0033954,GO:0102253,GO:0102254,GO:0102256
3.2.1.161	GO:0033956
3.2.1.162	GO:0033957,GO:0102255
3.2.1.165	GO:0052761
3.2.1.167	GO:0052748
3.2.1.169	GO:0102166,GO:0102167,GO:0102571
3.2.1.17	GO:0003796
3.2.1.172	GO:0102211
3.2.1.175	GO:0051993
3.2.1.176	GO:0102252
3.2.1.177	GO:0061634
3.2.1.18	GO:0004308,GO:0052794,GO:0052795,GO:0052796
3.2.1.180	GO:0102212
3.2.1.182	GO:0102726
3.2.1.184	GO:0102388
3.2.1.185	GO:0102478
3.2.1.2	GO:0016161,GO:0102229
3.2.1.20	GO:0004558,GO:0032450,GO:0090599
3.2.1.21	GO:0008422,GO:0102483
3.2.1.211	GO:0033909
3.2.1.22	GO:0004557
3.2.1.23	GO:0004565
3.2.1.24	GO:0004559
3.2.1.25	GO:0004567
3.2.1.26	GO:0004564
3.2.1.28	GO:0004555
3.2.1.3	GO:0004339
3.2.1.31	GO:0004566
3.2.1.32	GO:0033905
3.2.1.33	GO:0004135
3.2.1.35	GO:0004415
3.2.1.36	GO:0033906
3.2.1.37	GO:0009044
3.2.1.38	GO:0033907
3.2.1.39	GO:0042973
3.2.1.4	GO:0008810
3.2.1.40	GO:0030596
3.2.1.41	GO:0051060
3.2.1.42	GO:0047917
3.2.1.43	GO:0033908
3.2.1.45	GO:0004348
3.2.1.46	GO:0004336
3.2.1.48	GO:0004575
3.2.1.49	GO:0008456
3.2.1.50	GO:0004561
3.2.1.51	GO:0004560
3.2.1.52	GO:0004563,GO:0102148
3.2.1.53	GO:0032428
3.2.1.54	GO:0047798
3.2.1.55	GO:0046556
3.2.1.56	GO:0047404
3.2.1.57	GO:0051675
3.2.1.58	GO:0004338
3.2.1.59	GO:0051118
3.2.1.6	GO:0052861,GO:0052862
3.2.1.60	GO:0033910
3.2.1.61	GO:0033911
3.2.1.62	GO:0017042
3.2.1.63	GO:0047513
3.2.1.64	GO:0033912
3.2.1.65	GO:0031219
3.2.1.66	GO:0050245
3.2.1.67	GO:0047911
3.2.1.68	GO:0019156
3.2.1.7	GO:0051670
3.2.1.70	GO:0043896
3.2.1.71	GO:0033913
3.2.1.72	GO:0033914
3.2.1.73	GO:0042972
3.2.1.74	GO:0031217
3.2.1.75	GO:0046557,GO:0052859
3.2.1.76	GO:0003940
3.2.1.77	GO:0033915
3.2.1.78	GO:0016985
3.2.1.8	GO:0031176
3.2.1.80	GO:0051669
3.2.1.81	GO:0033916
3.2.1.82	GO:0033917
3.2.1.83	GO:0033918
3.2.1.84	GO:0033919
3.2.1.85	GO:0033920
3.2.1.86	GO:0008706,GO:0103047
3.2.1.87	GO:0033921
3.2.1.88	GO:0047701
3.2.1.89	GO:0031218
3.2.1.91	GO:0016162
3.2.1.92	GO:0033922
3.2.1.93	GO:0008788
3.2.1.94	GO:0033923
3.2.1.95	GO:0033924
3.2.1.96	GO:0033925
3.2.1.97	GO:0033926,GO:0050110
3.2.1.98	GO:0033927
3.2.1.99	GO:0046558
3.2.2.1	GO:0008477
3.2.2.10	GO:0047405
3.2.2.11	GO:0047406
3.2.2.12	GO:0047723
3.2.2.13	GO:0047518
3.2.2.14	GO:0019160
3.2.2.15	GO:0033958
3.2.2.16	GO:0008930
3.2.2.17	GO:0033959
3.2.2.19	GO:0003875
3.2.2.2	GO:0047724
3.2.2.20	GO:0008725
3.2.2.21	GO:0003905,GO:0008725,GO:0043916,GO:0052821,GO:0052822
3.2.2.22	GO:0030598
3.2.2.23	GO:0008534
3.2.2.24	GO:0047407
3.2.2.25	GO:0033960
3.2.2.27	GO:0004844
3.2.2.28	GO:0043739
3.2.2.29	GO:0141016
3.2.2.3	GO:0045437
3.2.2.30	GO:0102246
3.2.2.31	GO:0000701
3.2.2.4	GO:0008714
3.2.2.5	GO:0061810
3.2.2.6	GO:0050135,GO:0061809
3.2.2.7	GO:0047622
3.2.2.8	GO:0050263
3.2.2.9	GO:0008782
3.3.2.1	GO:0008908
3.3.2.10	GO:0004301
3.3.2.11	GO:0033963
3.3.2.2	GO:0047408
3.3.2.4	GO:0050345
3.3.2.5	GO:0047409
3.3.2.6	GO:0004463
3.3.2.7	GO:0047977
3.3.2.8	GO:0018744
3.3.2.9	GO:0033961
3.4.11.18	GO:0004239
3.4.11.21	GO:0004177
3.4.11.4	GO:0045148
3.4.11.5	GO:0004177
3.4.11.6	GO:0004177
3.4.11.9	GO:0004177
3.4.13.18	GO:0016805,GO:0103046
3.4.13.21	GO:0016805
3.4.13.9	GO:0102009
3.4.14.1	GO:0008239
3.4.14.10	GO:0008240
3.4.14.11	GO:0008239
3.4.14.2	GO:0008239
3.4.14.4	GO:0008239
3.4.14.5	GO:0008239
3.4.14.9	GO:0008240
3.4.16.2	GO:0004185
3.4.16.4	GO:0009002
3.4.16.5	GO:0004185
3.4.16.6	GO:0004185
3.4.17.1	GO:0004181
3.4.17.10	GO:0004181
3.4.17.11	GO:0004180
3.4.17.13	GO:0106415
3.4.17.14	GO:0009046
3.4.17.17	GO:0106423
3.4.17.2	GO:0004181
3.4.17.21	GO:0004181
3.4.17.22	GO:0004181
3.4.17.3	GO:0004181
3.4.17.4	GO:0004181
3.4.17.6	GO:0004181
3.4.19.1	GO:0008242
3.4.19.12	GO:0004843
3.4.19.13	GO:0036374
3.4.19.14	GO:0002951
3.4.19.2	GO:0008242
3.4.19.3	GO:0016920
3.4.19.5	GO:0008798
3.4.19.6	GO:0016920
3.4.19.9	GO:0008242,GO:0034722
3.4.21.1	GO:0004252
3.4.21.10	GO:0004252
3.4.21.102	GO:0004252
3.4.21.20	GO:0004252
3.4.21.21	GO:0004252
3.4.21.22	GO:0004252
3.4.21.26	GO:0004252
3.4.21.27	GO:0004252
3.4.21.34	GO:0004252
3.4.21.35	GO:0004252
3.4.21.36	GO:0004252
3.4.21.38	GO:0004252
3.4.21.39	GO:0004252
3.4.21.4	GO:0004252
3.4.21.41	GO:0004252
3.4.21.42	GO:0004252
3.4.21.43	GO:0004252
3.4.21.45	GO:0004252
3.4.21.46	GO:0004252
3.4.21.47	GO:0004252
3.4.21.48	GO:0004252
3.4.21.5	GO:0004252
3.4.21.53	GO:0004252
3.4.21.54	GO:0004252
3.4.21.59	GO:0004252
3.4.21.6	GO:0004252
3.4.21.61	GO:0004252
3.4.21.62	GO:0004252
3.4.21.68	GO:0004252
3.4.21.69	GO:0004252
3.4.21.7	GO:0004252
3.4.21.71	GO:0004252
3.4.21.73	GO:0004252
3.4.21.75	GO:0004252
3.4.21.78	GO:0004252
3.4.21.79	GO:0004252
3.4.21.83	GO:0004252
3.4.21.87	GO:0004252
3.4.21.88	GO:0004252
3.4.21.89	GO:0004252
3.4.21.9	GO:0004252
3.4.21.92	GO:0004252
3.4.21.93	GO:0004252
3.4.21.94	GO:0004252
3.4.22.1	GO:0004197
3.4.22.14	GO:0004197
3.4.22.15	GO:0004197
3.4.22.16	GO:0004197
3.4.22.27	GO:0004197
3.4.22.28	GO:0004197
3.4.22.34	GO:0004197
3.4.22.38	GO:0004197
3.4.22.40	GO:0004197
3.4.22.41	GO:0004197
3.4.22.8	GO:0004197
3.4.23.1	GO:0004190
3.4.23.15	GO:0004190
3.4.23.20	GO:0004190
3.4.23.25	GO:0004190
3.4.23.32	GO:0004190
3.4.23.34	GO:0004190
3.4.23.35	GO:0004190
3.4.23.36	GO:0004190
3.4.23.4	GO:0004190
3.4.23.43	GO:0004190
3.4.23.5	GO:0004190
3.4.24.11	GO:0004222
3.4.24.14	GO:0004222
3.4.24.17	GO:0004222
3.4.24.18	GO:0004222
3.4.24.19	GO:0004222
3.4.24.21	GO:0004222
3.4.24.22	GO:0004222
3.4.24.23	GO:0004222
3.4.24.24	GO:0004222
3.4.24.3	GO:0004222
3.4.24.34	GO:0004222
3.4.24.35	GO:0004222
3.4.24.37	GO:0004222
3.4.24.55	GO:0004222
3.4.24.56	GO:0004222
3.4.24.57	GO:0004222
3.4.24.59	GO:0004222
3.4.24.61	GO:0004222
3.4.24.64	GO:0004222
3.4.24.69	GO:0004222
3.4.24.7	GO:0004222
3.4.24.70	GO:0004222
3.4.24.71	GO:0004222
3.4.24.72	GO:0004222
3.5.1.1	GO:0004067
3.5.1.10	GO:0008864
3.5.1.102	GO:0043729
3.5.1.103	GO:0035595
3.5.1.108	GO:0008759,GO:0103117
3.5.1.11	GO:0008953
3.5.1.111	GO:0106008
3.5.1.12	GO:0047708
3.5.1.121	GO:0008418
3.5.1.122	GO:0070773
3.5.1.124	GO:0036524
3.5.1.128	GO:0110050
3.5.1.13	GO:0047680
3.5.1.14	GO:0004046
3.5.1.15	GO:0019807
3.5.1.16	GO:0008777
3.5.1.17	GO:0050477
3.5.1.18	GO:0009014
3.5.1.19	GO:0008936
3.5.1.2	GO:0004359
3.5.1.20	GO:0047781
3.5.1.21	GO:0050117
3.5.1.22	GO:0004593
3.5.1.23	GO:0017040,GO:0102121
3.5.1.24	GO:0045302
3.5.1.25	GO:0008448,GO:0047419
3.5.1.26	GO:0003948
3.5.1.28	GO:0008745
3.5.1.29	GO:0047411
3.5.1.3	GO:0050152
3.5.1.30	GO:0047588
3.5.1.31	GO:0008463
3.5.1.32	GO:0047980
3.5.1.33	GO:0050119
3.5.1.35	GO:0050001
3.5.1.36	GO:0050130
3.5.1.38	GO:0050417
3.5.1.39	GO:0047648
3.5.1.4	GO:0004040,GO:0043864
3.5.1.40	GO:0047618
3.5.1.41	GO:0004099
3.5.1.42	GO:0019159
3.5.1.43	GO:0050170
3.5.1.44	GO:0050568
3.5.1.46	GO:0019875
3.5.1.47	GO:0050118
3.5.1.48	GO:0047611
3.5.1.49	GO:0004328
3.5.1.5	GO:0009039
3.5.1.50	GO:0050168
3.5.1.51	GO:0047574
3.5.1.52	GO:0000224
3.5.1.53	GO:0050126
3.5.1.54	GO:0004039
3.5.1.55	GO:0008421
3.5.1.56	GO:0050116
3.5.1.57	GO:0050365
3.5.1.58	GO:0050125
3.5.1.59	GO:0050127
3.5.1.6	GO:0003837
3.5.1.60	GO:0047412
3.5.1.62	GO:0047609
3.5.1.63	GO:0047573
3.5.1.64	GO:0047413
3.5.1.65	GO:0050330
3.5.1.66	GO:0047414
3.5.1.67	GO:0047582
3.5.1.68	GO:0050129
3.5.1.69	GO:0033964
3.5.1.7	GO:0050386
3.5.1.70	GO:0033965
3.5.1.71	GO:0050128
3.5.1.72	GO:0047415
3.5.1.73	GO:0047773
3.5.1.74	GO:0047742
3.5.1.75	GO:0050387
3.5.1.76	GO:0047416
3.5.1.77	GO:0047417
3.5.1.78	GO:0008884
3.5.1.79	GO:0047418
3.5.1.8	GO:0047902
3.5.1.81	GO:0047420
3.5.1.82	GO:0047421
3.5.1.83	GO:0047422
3.5.1.84	GO:0018750
3.5.1.85	GO:0050536
3.5.1.86	GO:0050537
3.5.1.87	GO:0050538
3.5.1.88	GO:0042586
3.5.1.89	GO:0000225
3.5.1.9	GO:0004061
3.5.1.90	GO:0043756
3.5.1.92	GO:0017159
3.5.1.93	GO:0033968
3.5.1.94	GO:0033969
3.5.1.95	GO:0033970
3.5.1.96	GO:0009017
3.5.1.98	GO:0004407
3.5.1.99	GO:0017064
3.5.2.1	GO:0047694
3.5.2.10	GO:0047789
3.5.2.11	GO:0050028
3.5.2.12	GO:0019874
3.5.2.13	GO:0047532
3.5.2.14	GO:0047423
3.5.2.15	GO:0018753
3.5.2.16	GO:0050539
3.5.2.17	GO:0033971
3.5.2.18	GO:0043792
3.5.2.2	GO:0004157
3.5.2.3	GO:0004151
3.5.2.4	GO:0047771
3.5.2.5	GO:0004038
3.5.2.6	GO:0008800
3.5.2.7	GO:0050480
3.5.2.9	GO:0017168
3.5.3.1	GO:0004053
3.5.3.10	GO:0047817
3.5.3.11	GO:0008783
3.5.3.12	GO:0047632
3.5.3.13	GO:0050416
3.5.3.14	GO:0047660
3.5.3.15	GO:0004668
3.5.3.16	GO:0050098
3.5.3.17	GO:0047972
3.5.3.18	GO:0016403
3.5.3.19	GO:0004848
3.5.3.2	GO:0047970
3.5.3.20	GO:0047854
3.5.3.21	GO:0047424
3.5.3.22	GO:0033972
3.5.3.23	GO:0009015
3.5.3.24	GO:0043920
3.5.3.26	GO:0071522
3.5.3.3	GO:0016980
3.5.3.4	GO:0004037
3.5.3.5	GO:0050414
3.5.3.6	GO:0016990
3.5.3.7	GO:0047971
3.5.3.8	GO:0050415
3.5.3.9	GO:0047652
3.5.4.1	GO:0004131,GO:0102480
3.5.4.10	GO:0003937
3.5.4.11	GO:0050228
3.5.4.12	GO:0004132
3.5.4.13	GO:0008829
3.5.4.14	GO:0047844
3.5.4.15	GO:0047974
3.5.4.16	GO:0003934
3.5.4.17	GO:0047623
3.5.4.18	GO:0047692
3.5.4.19	GO:0004635
3.5.4.2	GO:0000034
3.5.4.20	GO:0050239
3.5.4.21	GO:0047790
3.5.4.22	GO:0047425
3.5.4.23	GO:0047711
3.5.4.24	GO:0050279
3.5.4.25	GO:0003935
3.5.4.26	GO:0008835
3.5.4.27	GO:0018759
3.5.4.28	GO:0050270
3.5.4.29	GO:0043740
3.5.4.3	GO:0008892
3.5.4.30	GO:0033973
3.5.4.31	GO:0090614
3.5.4.32	GO:0102127
3.5.4.33	GO:0052717
3.5.4.34	GO:0043829
3.5.4.37	GO:0003726
3.5.4.4	GO:0004000,GO:0046936
3.5.4.41	GO:0090613
3.5.4.42	GO:0018764
3.5.4.43	GO:0018763
3.5.4.46	GO:0090612
3.5.4.5	GO:0004126
3.5.4.6	GO:0003876
3.5.4.7	GO:0047629
3.5.4.8	GO:0047664
3.5.4.9	GO:0004477
3.5.5.1	GO:0000257,GO:0080061
3.5.5.2	GO:0047426
3.5.5.4	GO:0047427
3.5.5.5	GO:0047428
3.5.5.6	GO:0018761
3.5.5.7	GO:0018762
3.5.5.8	GO:0018760
3.5.99.1	GO:0050258
3.5.99.10	GO:0120241
3.5.99.2	GO:0050334
3.5.99.5	GO:0050540
3.5.99.6	GO:0004342
3.5.99.7	GO:0008660
3.6.1.1	GO:0004427
3.6.1.10	GO:0000298
3.6.1.11	GO:0004309
3.6.1.12	GO:0047840
3.6.1.13	GO:0047631
3.6.1.14	GO:0047624
3.6.1.15	GO:0017111
3.6.1.16	GO:0047734
3.6.1.17	GO:0004081
3.6.1.18	GO:0047884
3.6.1.2	GO:0050351
3.6.1.20	GO:0047586
3.6.1.21	GO:0019144
3.6.1.22	GO:0000210,GO:0035529
3.6.1.23	GO:0004170
3.6.1.24	GO:0033974
3.6.1.25	GO:0050355
3.6.1.26	GO:0008715
3.6.1.27	GO:0050380
3.6.1.28	GO:0050333
3.6.1.29	GO:0047710
3.6.1.31	GO:0004636
3.6.1.39	GO:0050339
3.6.1.40	GO:0008894
3.6.1.41	GO:0008803
3.6.1.42	GO:0004382
3.6.1.43	GO:0047874
3.6.1.44	GO:0047430
3.6.1.45	GO:0008768
3.6.1.5	GO:0004050
3.6.1.52	GO:0008486
3.6.1.55	GO:0035539
3.6.1.56	GO:0008828
3.6.1.58	GO:0044715,GO:0044716
3.6.1.59	GO:0140932
3.6.1.6	GO:0017110
3.6.1.62	GO:0140933
3.6.1.64	GO:1990003
3.6.1.66	GO:0035870,GO:0036220,GO:0036222
3.6.1.67	GO:0019177
3.6.1.69	GO:0008413
3.6.1.7	GO:0003998
3.6.1.71	GO:0033699
3.6.1.72	GO:0120108
3.6.1.73	GO:0103023
3.6.1.74	GO:0140818
3.6.1.75	GO:0000810
3.6.1.8	GO:0047693
3.6.1.9	GO:0047429
3.6.2.1	GO:0047627
3.6.2.2	GO:0050186
3.6.4.13	GO:0003724
3.6.5.1	GO:0003925
3.6.5.2	GO:0003925
3.7.1.1	GO:0030603
3.7.1.10	GO:0047796
3.7.1.12	GO:0043779
3.7.1.13	GO:0018768,GO:0102139
3.7.1.14	GO:0018771,GO:0052823
3.7.1.17	GO:0102296
3.7.1.2	GO:0004334
3.7.1.20	GO:0034545
3.7.1.21	GO:0018807
3.7.1.22	GO:0102481
3.7.1.23	GO:0102054
3.7.1.3	GO:0030429
3.7.1.4	GO:0050180
3.7.1.5	GO:0047621
3.7.1.6	GO:0018773
3.7.1.7	GO:0047699
3.7.1.8	GO:0018774
3.7.1.9	GO:0018775
3.8.1.10	GO:0018778
3.8.1.11	GO:0033977
3.8.1.2	GO:0018784
3.8.1.3	GO:0018785
3.8.1.5	GO:0018786
3.8.1.6	GO:0047576
3.8.1.7	GO:0018787
3.8.1.8	GO:0018788
3.8.1.9	GO:0033975
3.9.1.1	GO:0050187
3.9.1.2	GO:0098627
3.9.1.3	GO:0101006
4.1.1.1	GO:0004737
4.1.1.105	GO:0036469
4.1.1.107	GO:0106425
4.1.1.109	GO:1990055
4.1.1.11	GO:0004068
4.1.1.112	GO:0008948
4.1.1.12	GO:0047688
4.1.1.14	GO:0050390
4.1.1.15	GO:0004351
4.1.1.16	GO:0047990
4.1.1.17	GO:0004586
4.1.1.18	GO:0008923
4.1.1.19	GO:0008792
4.1.1.2	GO:0046564
4.1.1.20	GO:0008836
4.1.1.21	GO:0004638,GO:0043727
4.1.1.22	GO:0004398
4.1.1.23	GO:0004590
4.1.1.24	GO:0047662
4.1.1.25	GO:0004837
4.1.1.28	GO:0004058
4.1.1.29	GO:0004782
4.1.1.30	GO:0050167
4.1.1.31	GO:0008964
4.1.1.32	GO:0004611,GO:0004613
4.1.1.33	GO:0004163
4.1.1.34	GO:0047842
4.1.1.35	GO:0048040
4.1.1.36	GO:0004633
4.1.1.37	GO:0004853
4.1.1.38	GO:0030585
4.1.1.39	GO:0016984
4.1.1.4	GO:0047602
4.1.1.40	GO:0047997
4.1.1.42	GO:0047729
4.1.1.43	GO:0050177
4.1.1.44	GO:0047575
4.1.1.45	GO:0001760
4.1.1.46	GO:0050150
4.1.1.47	GO:0009028
4.1.1.48	GO:0004425
4.1.1.49	GO:0004612
4.1.1.5	GO:0047605
4.1.1.50	GO:0004014
4.1.1.51	GO:0047431
4.1.1.52	GO:0047596
4.1.1.53	GO:0050174
4.1.1.54	GO:0047858
4.1.1.55	GO:0018796
4.1.1.56	GO:0050410,GO:0102151,GO:0102577
4.1.1.57	GO:0050095
4.1.1.58	GO:0050159
4.1.1.59	GO:0018798
4.1.1.6	GO:0047613
4.1.1.60	GO:0050296
4.1.1.61	GO:0018799
4.1.1.62	GO:0047923
4.1.1.63	GO:0050223
4.1.1.64	GO:0047432
4.1.1.65	GO:0004609
4.1.1.66	GO:0050382
4.1.1.67	GO:0050374
4.1.1.68	GO:0018800
4.1.1.69	GO:0047556
4.1.1.7	GO:0050695
4.1.1.71	GO:0008683
4.1.1.72	GO:0047433
4.1.1.73	GO:0050319
4.1.1.74	GO:0047434
4.1.1.75	GO:0047435
4.1.1.76	GO:0047436
4.1.1.77	GO:0047437
4.1.1.78	GO:0050476
4.1.1.79	GO:0050545
4.1.1.8	GO:0008949
4.1.1.80	GO:0050546
4.1.1.81	GO:0048472
4.1.1.82	GO:0033980
4.1.1.83	GO:0043722
4.1.1.84	GO:0033981
4.1.1.85	GO:0033982
4.1.1.86	GO:0033983
4.1.1.9	GO:0050080
4.1.1.90	GO:0008488
4.1.1.93	GO:0034941
4.1.1.94	GO:0004492
4.1.1.97	GO:0051997
4.1.1.98	GO:0008694
4.1.2.10	GO:0046593
4.1.2.11	GO:0050419
4.1.2.12	GO:0050013
4.1.2.13	GO:0004332
4.1.2.14	GO:0008675
4.1.2.17	GO:0008738
4.1.2.18	GO:0047438
4.1.2.19	GO:0008994
4.1.2.2	GO:0050014
4.1.2.20	GO:0008672
4.1.2.21	GO:0008674
4.1.2.22	GO:0047905
4.1.2.23	GO:0047439
4.1.2.24	GO:0047864
4.1.2.25	GO:0004150
4.1.2.26	GO:0050179
4.1.2.27	GO:0008117
4.1.2.28	GO:0047440
4.1.2.29	GO:0047441
4.1.2.30	GO:0047442
4.1.2.32	GO:0050352
4.1.2.33	GO:0047906
4.1.2.34	GO:0018803
4.1.2.35	GO:0050217
4.1.2.36	GO:0050041
4.1.2.38	GO:0047695
4.1.2.4	GO:0004139
4.1.2.40	GO:0009025
4.1.2.42	GO:0043876
4.1.2.43	GO:0043801
4.1.2.45	GO:0018813
4.1.2.46	GO:0052919
4.1.2.47	GO:0047606
4.1.2.49	GO:0008732
4.1.2.5	GO:0004793
4.1.2.50	GO:0070497
4.1.2.51	GO:0061677
4.1.2.53	GO:0106099
4.1.2.61	GO:0050547
4.1.2.63	GO:0106359
4.1.2.8	GO:0033984
4.1.2.9	GO:0050193
4.1.3.1	GO:0004451
4.1.3.13	GO:0050204
4.1.3.14	GO:0047562
4.1.3.16	GO:0008700
4.1.3.17	GO:0047443
4.1.3.22	GO:0047776
4.1.3.24	GO:0043959,GO:0050083
4.1.3.25	GO:0047777
4.1.3.26	GO:0047445
4.1.3.27	GO:0004049
4.1.3.3	GO:0008747
4.1.3.30	GO:0046421
4.1.3.32	GO:0047529
4.1.3.34	GO:0008816
4.1.3.35	GO:0047446
4.1.3.36	GO:0008935
4.1.3.38	GO:0008696
4.1.3.39	GO:0008701
4.1.3.4	GO:0004419
4.1.3.40	GO:0008813
4.1.3.42	GO:0106009
4.1.3.44	GO:0102521
4.1.3.46	GO:0044101
4.1.3.6	GO:0008815
4.1.99.1	GO:0009034
4.1.99.11	GO:0018805
4.1.99.12	GO:0008686
4.1.99.13	GO:0003914
4.1.99.19	GO:0036355
4.1.99.2	GO:0050371
4.1.99.22	GO:0061798
4.1.99.3	GO:0003904
4.1.99.5	GO:0009924,GO:1990465
4.2.1.1	GO:0004089
4.2.1.10	GO:0003855
4.2.1.100	GO:0018823
4.2.1.101	GO:0050548
4.2.1.103	GO:0050549
4.2.1.104	GO:0008824
4.2.1.105	GO:0033987
4.2.1.106	GO:0033988
4.2.1.107	GO:0033989
4.2.1.108	GO:0033990
4.2.1.109	GO:0046570
4.2.1.11	GO:0004634
4.2.1.110	GO:0033991
4.2.1.111	GO:0033992
4.2.1.112	GO:0018818
4.2.1.113	GO:0043748
4.2.1.116	GO:0043956
4.2.1.118	GO:0046565
4.2.1.12	GO:0004456
4.2.1.120	GO:0043721
4.2.1.121	GO:0102895
4.2.1.122	GO:0052684
4.2.1.124	GO:0034075
4.2.1.128	GO:0102245
4.2.1.130	GO:0019172
4.2.1.132	GO:0034856
4.2.1.133	GO:0102161
4.2.1.134	GO:0102158
4.2.1.136	GO:0052855
4.2.1.139	GO:0140859
4.2.1.143	GO:0046572
4.2.1.152	GO:0106256
4.2.1.17	GO:0004300
4.2.1.174	GO:0106238
4.2.1.179	GO:0047853
4.2.1.18	GO:0004490
4.2.1.19	GO:0004424
4.2.1.2	GO:0004333
4.2.1.20	GO:0004834
4.2.1.22	GO:0004122
4.2.1.24	GO:0004655
4.2.1.25	GO:0050020
4.2.1.27	GO:0050079,GO:0051909
4.2.1.28	GO:0050215
4.2.1.3	GO:0003994
4.2.1.30	GO:0046405
4.2.1.31	GO:0050075
4.2.1.32	GO:0008730
4.2.1.33	GO:0003861
4.2.1.34	GO:0047510
4.2.1.35	GO:0047508
4.2.1.36	GO:0004409
4.2.1.39	GO:0047929
4.2.1.40	GO:0008872
4.2.1.41	GO:0047448
4.2.1.42	GO:0008867
4.2.1.43	GO:0047449
4.2.1.44	GO:0050114
4.2.1.45	GO:0047733
4.2.1.46	GO:0008460
4.2.1.47	GO:0008446
4.2.1.48	GO:0047820
4.2.1.49	GO:0016153
4.2.1.5	GO:0047675
4.2.1.50	GO:0050234
4.2.1.51	GO:0004664
4.2.1.53	GO:0050151
4.2.1.54	GO:0018819
4.2.1.56	GO:0050011
4.2.1.57	GO:0050005
4.2.1.59	GO:0008659,GO:0019171
4.2.1.6	GO:0008869
4.2.1.62	GO:0047587
4.2.1.65	GO:0047558
4.2.1.66	GO:0030196
4.2.1.67	GO:0047818
4.2.1.68	GO:0050023
4.2.1.69	GO:0018820
4.2.1.7	GO:0008789
4.2.1.70	GO:0004730
4.2.1.73	GO:0047452
4.2.1.74	GO:0018812
4.2.1.75	GO:0004852
4.2.1.76	GO:0050377
4.2.1.77	GO:0050346
4.2.1.78	GO:0050474
4.2.1.79	GO:0047547
4.2.1.8	GO:0008927
4.2.1.80	GO:0008684
4.2.1.81	GO:0047808
4.2.1.82	GO:0050401
4.2.1.83	GO:0047584
4.2.1.84	GO:0018822,GO:0080109
4.2.1.85	GO:0047868
4.2.1.87	GO:0050202
4.2.1.88	GO:0050315
4.2.1.9	GO:0004160
4.2.1.90	GO:0050032
4.2.1.91	GO:0047769
4.2.1.92	GO:0009978
4.2.1.93	GO:0047453
4.2.1.94	GO:0030411
4.2.1.95	GO:0050015
4.2.1.96	GO:0008124
4.2.1.97	GO:0047454
4.2.1.98	GO:0047455
4.2.1.99	GO:0047456
4.2.2.1	GO:0030340
4.2.2.10	GO:0047490
4.2.2.11	GO:0047491
4.2.2.12	GO:0047492
4.2.2.13	GO:0047457
4.2.2.14	GO:0033994
4.2.2.15	GO:0033995
4.2.2.16	GO:0033996
4.2.2.17	GO:0033997
4.2.2.18	GO:0033998
4.2.2.19	GO:0033999
4.2.2.2	GO:0030570
4.2.2.20	GO:0034000
4.2.2.21	GO:0034001
4.2.2.23	GO:0102210
4.2.2.25	GO:0052762
4.2.2.26	GO:0052764
4.2.2.3	GO:0045135
4.2.2.5	GO:0030341
4.2.2.6	GO:0047487
4.2.2.7	GO:0047488
4.2.2.8	GO:0015021
4.2.2.9	GO:0047489
4.2.2.n2	GO:0008932
4.2.3.1	GO:0004795
4.2.3.10	GO:0050437
4.2.3.102	GO:0102304
4.2.3.104	GO:0080017
4.2.3.105	GO:0102701
4.2.3.106	GO:0034768
4.2.3.108	GO:0102313
4.2.3.11	GO:0050469
4.2.3.114	GO:0102903
4.2.3.117	GO:0102703
4.2.3.119	GO:0050550
4.2.3.12	GO:0003874
4.2.3.120	GO:0050550
4.2.3.123	GO:0102887
4.2.3.13	GO:0047461
4.2.3.131	GO:0062205
4.2.3.133	GO:0102877
4.2.3.139	GO:0102412
4.2.3.15	GO:0050551
4.2.3.16	GO:0050552
4.2.3.17	GO:0050553
4.2.3.18	GO:0050554
4.2.3.189	GO:0106239
4.2.3.19	GO:0009899
4.2.3.190	GO:0062206
4.2.3.2	GO:0050459
4.2.3.20	GO:0034002
4.2.3.21	GO:0034003
4.2.3.22	GO:0034004,GO:0052577
4.2.3.23	GO:0034005
4.2.3.24	GO:0034006
4.2.3.25	GO:0034007
4.2.3.26	GO:0034008
4.2.3.27	GO:0034009
4.2.3.28	GO:0034277
4.2.3.29	GO:0034280
4.2.3.3	GO:0008929
4.2.3.30	GO:0034282
4.2.3.31	GO:0052674
4.2.3.32	GO:0052678
4.2.3.33	GO:0034278
4.2.3.34	GO:0034283
4.2.3.35	GO:0034279
4.2.3.36	GO:0052679
4.2.3.37	GO:0052680
4.2.3.38	GO:0052681
4.2.3.39	GO:0052682
4.2.3.4	GO:0003856
4.2.3.40	GO:0052683
4.2.3.42	GO:0046567
4.2.3.49	GO:0102145
4.2.3.5	GO:0004107
4.2.3.50	GO:0102062
4.2.3.53	GO:0102061
4.2.3.54	GO:0102060
4.2.3.57	GO:0080016
4.2.3.6	GO:0045482
4.2.3.60	GO:0102904
4.2.3.61	GO:0102698
4.2.3.65	GO:0102884
4.2.3.69	GO:0102878
4.2.3.7	GO:0050467
4.2.3.73	GO:0102905
4.2.3.78	GO:0102883
4.2.3.79	GO:0102879
4.2.3.8	GO:0050449
4.2.3.86	GO:0102906
4.2.3.9	GO:0045483
4.2.3.94	GO:0102064
4.2.3.95	GO:0102885
4.2.99.12	GO:0047772
4.2.99.18	GO:0140078
4.2.99.20	GO:0070205
4.2.99.21	GO:0043904
4.3.1.1	GO:0008797
4.3.1.10	GO:0050283
4.3.1.12	GO:0008473
4.3.1.13	GO:0047766
4.3.1.14	GO:0047459
4.3.1.15	GO:0008838
4.3.1.16	GO:0030848
4.3.1.17	GO:0003941
4.3.1.18	GO:0008721
4.3.1.19	GO:0004794
4.3.1.2	GO:0050096
4.3.1.20	GO:0047447
4.3.1.23	GO:0052883
4.3.1.24	GO:0045548
4.3.1.25	GO:0045548,GO:0052883
4.3.1.3	GO:0004397
4.3.1.32	GO:0044689
4.3.1.4	GO:0030412
4.3.1.6	GO:0047698
4.3.1.7	GO:0008851
4.3.1.9	GO:0047930
4.3.2.1	GO:0004056
4.3.2.2	GO:0004018,GO:0070626
4.3.2.3	GO:0050385
4.3.2.4	GO:0050230
4.3.2.5	GO:0004598
4.3.2.7	GO:0061928
4.3.2.8	GO:0061929
4.3.2.9	GO:0003839
4.3.3.1	GO:0047566
4.3.3.2	GO:0016844
4.3.3.3	GO:0050556
4.3.3.4	GO:0050557
4.3.3.6	GO:0036381
4.3.3.7	GO:0008840
4.3.3.8	GO:0050101
4.4.1.1	GO:0004123,GO:0044540,GO:0080146
4.4.1.10	GO:0047803
4.4.1.11	GO:0018826
4.4.1.13	GO:0047804
4.4.1.14	GO:0016847
4.4.1.15	GO:0019148
4.4.1.16	GO:0009000
4.4.1.17	GO:0004408
4.4.1.19	GO:0043817
4.4.1.2	GO:0047982
4.4.1.20	GO:0004464
4.4.1.21	GO:0043768
4.4.1.22	GO:0051907
4.4.1.23	GO:0050555
4.4.1.24	GO:0034010
4.4.1.25	GO:0034011
4.4.1.3	GO:0047869
4.4.1.4	GO:0047654
4.4.1.5	GO:0004462
4.4.1.6	GO:0050271
4.4.1.8	GO:0004121
4.4.1.9	GO:0050017
4.5.1.1	GO:0018833
4.5.1.2	GO:0019149
4.5.1.3	GO:0018834
4.5.1.4	GO:0047460
4.5.1.5	GO:0050272
4.6.1.1	GO:0004016
4.6.1.12	GO:0008685
4.6.1.13	GO:0004436
4.6.1.14	GO:0047396
4.6.1.15	GO:0034012
4.6.1.16	GO:0000213
4.6.1.17	GO:0061799
4.6.1.18	GO:0004522
4.6.1.19	GO:0033897
4.6.1.2	GO:0004383
4.6.1.20	GO:0033899
4.6.1.21	GO:0008847
4.6.1.22	GO:0033898
4.6.1.23	GO:0033902
4.6.1.24	GO:0046589
4.6.1.6	GO:0047805
4.7.1.1	GO:0098848
4.98.1.1	GO:0004325
4.99.1.2	GO:0018836
4.99.1.3	GO:0016852
4.99.1.4	GO:0051266
4.99.1.5	GO:0034013
4.99.1.6	GO:0047720
4.99.1.7	GO:0018814
5.1.1.1	GO:0008784
5.1.1.10	GO:0047661
5.1.1.11	GO:0047462
5.1.1.12	GO:0050157
5.1.1.13	GO:0047689
5.1.1.14	GO:0050143
5.1.1.15	GO:0047463
5.1.1.16	GO:0018365
5.1.1.17	GO:0045439
5.1.1.18	GO:0030378
5.1.1.2	GO:0018111
5.1.1.3	GO:0008881
5.1.1.4	GO:0018112
5.1.1.5	GO:0018113
5.1.1.6	GO:0018114
5.1.1.7	GO:0008837
5.1.1.8	GO:0047580
5.1.1.9	GO:0047679
5.1.2.1	GO:0050043
5.1.2.2	GO:0018838
5.1.2.3	GO:0008692
5.1.2.4	GO:0047604
5.1.2.5	GO:0050320
5.1.2.6	GO:0047755
5.1.3.1	GO:0004750
5.1.3.10	GO:0047732
5.1.3.11	GO:0047736
5.1.3.13	GO:0008830
5.1.3.14	GO:0008761
5.1.3.15	GO:0047938
5.1.3.16	GO:0050376
5.1.3.17	GO:0047464
5.1.3.18	GO:0047918
5.1.3.19	GO:0047757
5.1.3.2	GO:0003978
5.1.3.20	GO:0008712
5.1.3.21	GO:0050558
5.1.3.22	GO:0034015
5.1.3.29	GO:0036373
5.1.3.3	GO:0004034
5.1.3.32	GO:0062192
5.1.3.4	GO:0008742
5.1.3.5	GO:0050373
5.1.3.6	GO:0050378
5.1.3.7	GO:0003974
5.1.3.8	GO:0050121
5.1.3.9	GO:0009385,GO:0047465
5.1.99.1	GO:0004493
5.1.99.2	GO:0047524
5.1.99.3	GO:0047653
5.1.99.4	GO:0008111
5.1.99.5	GO:0036348
5.1.99.6	GO:0052856,GO:0052857
5.1.99.7	GO:0008719
5.2.1.1	GO:0050076
5.2.1.10	GO:0047466
5.2.1.14	GO:0106365
5.2.1.2	GO:0016034
5.2.1.4	GO:0050077
5.2.1.5	GO:0050058
5.2.1.6	GO:0047907
5.2.1.8	GO:0003755
5.2.1.9	GO:0047885
5.3.1.1	GO:0004807
5.3.1.12	GO:0008880
5.3.1.13	GO:0019146
5.3.1.14	GO:0008740
5.3.1.15	GO:0047828
5.3.1.16	GO:0003949
5.3.1.17	GO:0008697
5.3.1.20	GO:0050261
5.3.1.21	GO:0004110
5.3.1.22	GO:0008903
5.3.1.23	GO:0046523
5.3.1.24	GO:0004640
5.3.1.25	GO:0008736
5.3.1.26	GO:0050044
5.3.1.27	GO:0043800
5.3.1.29	GO:0043917
5.3.1.3	GO:0008790
5.3.1.30	GO:0102482
5.3.1.4	GO:0008733
5.3.1.5	GO:0009045
5.3.1.6	GO:0004751
5.3.1.7	GO:0050089
5.3.1.8	GO:0004476
5.3.1.9	GO:0004347
5.3.2.1	GO:0050178
5.3.2.2	GO:0050163
5.3.2.5	GO:0043715
5.3.2.7	GO:0034018
5.3.3.1	GO:0004769
5.3.3.10	GO:0008704
5.3.3.11	GO:0050008
5.3.3.12	GO:0004167
5.3.3.13	GO:0034016
5.3.3.14	GO:0034017
5.3.3.17	GO:0102943
5.3.3.2	GO:0004452
5.3.3.21	GO:0051750
5.3.3.3	GO:0050393
5.3.3.4	GO:0016159
5.3.3.5	GO:0047750
5.3.3.6	GO:0050100
5.3.3.7	GO:0047614
5.3.3.8	GO:0004165
5.3.3.9	GO:0050219
5.3.4.1	GO:0003756
5.3.99.2	GO:0004667
5.3.99.3	GO:0050220
5.3.99.4	GO:0008116
5.3.99.5	GO:0004796
5.3.99.6	GO:0046423
5.3.99.7	GO:0018846
5.3.99.8	GO:0052727,GO:0052728
5.3.99.9	GO:0034020
5.4.1.1	GO:0050070
5.4.2.10	GO:0008966
5.4.2.11	GO:0046538
5.4.2.12	GO:0046537
5.4.2.2	GO:0004614
5.4.2.3	GO:0004610
5.4.2.4	GO:0004082
5.4.2.5	GO:0047468
5.4.2.6	GO:0008801
5.4.2.7	GO:0008973
5.4.2.8	GO:0004615
5.4.2.9	GO:0050188
5.4.3.2	GO:0050066
5.4.3.3	GO:0047702
5.4.3.4	GO:0047826
5.4.3.5	GO:0047831
5.4.3.6	GO:0050368
5.4.3.7	GO:0050047
5.4.3.8	GO:0042286
5.4.4.2	GO:0008909
5.4.4.3	GO:0034022
5.4.4.6	GO:0052879
5.4.4.7	GO:0106255
5.4.99.1	GO:0050097
5.4.99.11	GO:0050006
5.4.99.12	GO:0106029
5.4.99.13	GO:0047727
5.4.99.14	GO:0047469
5.4.99.15	GO:0047470
5.4.99.16	GO:0047471
5.4.99.17	GO:0051007
5.4.99.18	GO:0034023
5.4.99.19	GO:0120159
5.4.99.2	GO:0004494
5.4.99.20	GO:0120159
5.4.99.21	GO:0120159
5.4.99.22	GO:0120159
5.4.99.23	GO:0120159
5.4.99.24	GO:0120159
5.4.99.25	GO:0106029
5.4.99.26	GO:0106029
5.4.99.27	GO:0106029
5.4.99.28	GO:0106029
5.4.99.29	GO:0120159
5.4.99.3	GO:0047534
5.4.99.30	GO:0052691
5.4.99.31	GO:0051746
5.4.99.4	GO:0047548
5.4.99.41	GO:0042299
5.4.99.42	GO:0106029
5.4.99.43	GO:0120159
5.4.99.44	GO:0106029
5.4.99.45	GO:0106029
5.4.99.5	GO:0004106
5.4.99.57	GO:0080011
5.4.99.60	GO:0043778
5.4.99.61	GO:0016993
5.4.99.62	GO:0062193
5.4.99.7	GO:0000250
5.4.99.8	GO:0016871
5.4.99.9	GO:0008767
5.5.1.1	GO:0018849
5.5.1.10	GO:0018851
5.5.1.11	GO:0018852
5.5.1.12	GO:0050559
5.5.1.13	GO:0009905
5.5.1.14	GO:0051498
5.5.1.16	GO:0035439
5.5.1.2	GO:0047472
5.5.1.29	GO:0106242
5.5.1.3	GO:0050329
5.5.1.4	GO:0004512
5.5.1.5	GO:0047768
5.5.1.6	GO:0045430
5.5.1.7	GO:0018850
5.5.1.8	GO:0047926
5.5.1.9	GO:0047793
5.6.1.1	GO:0008568
5.6.1.2	GO:0008569
5.6.1.3	GO:0008574
5.6.1.4	GO:0008569
5.6.1.5	GO:0036402
5.6.1.6	GO:0005260
5.6.1.8	GO:0000146
5.6.2.1	GO:0003917
5.6.2.2	GO:0003918
5.6.2.3	GO:0043139
5.6.2.4	GO:0043138
5.99.1.1	GO:0050335
5.99.1.4	GO:0018845
6.1.1.1	GO:0004831
6.1.1.10	GO:0004825
6.1.1.11	GO:0004828
6.1.1.12	GO:0004815
6.1.1.14	GO:0004820
6.1.1.15	GO:0004827
6.1.1.16	GO:0004817
6.1.1.17	GO:0004818
6.1.1.18	GO:0004819
6.1.1.19	GO:0004814
6.1.1.2	GO:0004830
6.1.1.20	GO:0004826
6.1.1.21	GO:0004821
6.1.1.22	GO:0004816
6.1.1.23	GO:0050560
6.1.1.24	GO:0050561
6.1.1.26	GO:0043767
6.1.1.27	GO:0043816
6.1.1.3	GO:0004829
6.1.1.4	GO:0004823
6.1.1.5	GO:0004822
6.1.1.6	GO:0004824
6.1.1.7	GO:0004813
6.1.1.9	GO:0004832
6.2.1.1	GO:0003987
6.2.1.10	GO:0047612
6.2.1.11	GO:0047707
6.2.1.12	GO:0016207
6.2.1.13	GO:0043758
6.2.1.14	GO:0042410
6.2.1.15	GO:0047676
6.2.1.16	GO:0030729
6.2.1.17	GO:0050218
6.2.1.18	GO:0047779
6.2.1.19	GO:0047474
6.2.1.2	GO:0031956,GO:0047760
6.2.1.20	GO:0008922
6.2.1.22	GO:0008771
6.2.1.23	GO:0047851
6.2.1.24	GO:0050197
6.2.1.25	GO:0018858
6.2.1.26	GO:0008756
6.2.1.27	GO:0018859
6.2.1.28	GO:0047476
6.2.1.3	GO:0004467
6.2.1.30	GO:0047475
6.2.1.31	GO:0047541
6.2.1.32	GO:0018860
6.2.1.33	GO:0018861
6.2.1.34	GO:0050563
6.2.1.36	GO:0043955
6.2.1.38	GO:0018855
6.2.1.4	GO:0004776
6.2.1.45	GO:0004839
6.2.1.5	GO:0004775
6.2.1.6	GO:0047948
6.2.1.64	GO:0019781
6.2.1.7	GO:0047747
6.2.1.76	GO:0090409
6.2.1.8	GO:0050203
6.2.1.9	GO:0050074
6.3.1.1	GO:0004071
6.3.1.10	GO:0043757
6.3.1.11	GO:0034024
6.3.1.12	GO:0034025
6.3.1.13	GO:0035446
6.3.1.14	GO:0017178
6.3.1.15	GO:0102527
6.3.1.2	GO:0004356
6.3.1.20	GO:0016979
6.3.1.4	GO:0047478
6.3.1.5	GO:0008795
6.3.1.6	GO:0047942
6.3.1.7	GO:0047581
6.3.1.8	GO:0008885
6.3.1.9	GO:0047479
6.3.2.1	GO:0004592
6.3.2.10	GO:0008766,GO:0047480
6.3.2.11	GO:0047730,GO:0102102
6.3.2.12	GO:0008841
6.3.2.13	GO:0008765
6.3.2.14	GO:0047527
6.3.2.16	GO:0047481
6.3.2.17	GO:0004326
6.3.2.18	GO:0047914
6.3.2.2	GO:0004357
6.3.2.20	GO:0047721
6.3.2.23	GO:0047983
6.3.2.24	GO:0050367
6.3.2.25	GO:0004835
6.3.2.26	GO:0050564
6.3.2.29	GO:0071160
6.3.2.3	GO:0004363
6.3.2.30	GO:0071161
6.3.2.31	GO:0052618
6.3.2.32	GO:0043774
6.3.2.34	GO:0052619
6.3.2.37	GO:0102195
6.3.2.4	GO:0008716
6.3.2.40	GO:0047671
6.3.2.45	GO:0106418
6.3.2.49	GO:0034026
6.3.2.5	GO:0004632
6.3.2.52	GO:0102057,GO:0102058
6.3.2.6	GO:0004639
6.3.2.61	GO:0070740
6.3.2.7	GO:0047482
6.3.2.8	GO:0008763
6.3.2.9	GO:0008764
6.3.3.1	GO:0004641
6.3.3.2	GO:0030272
6.3.3.3	GO:0004141
6.3.3.4	GO:0034027
6.3.4.10	GO:0004080
6.3.4.11	GO:0004078
6.3.4.12	GO:0047943
6.3.4.13	GO:0004637
6.3.4.14	GO:0004075
6.3.4.15	GO:0004077
6.3.4.16	GO:0004087
6.3.4.17	GO:0047897
6.3.4.18	GO:0034028
6.3.4.2	GO:0003883
6.3.4.21	GO:0004516
6.3.4.3	GO:0004329
6.3.4.4	GO:0004019
6.3.4.5	GO:0004055
6.3.4.6	GO:0004847
6.3.4.7	GO:0050260
6.3.4.8	GO:0047483
6.3.4.9	GO:0004079
6.3.5.1	GO:0003952
6.3.5.10	GO:0051921
6.3.5.11	GO:0042242
6.3.5.13	GO:0140282
6.3.5.2	GO:0003922
6.3.5.3	GO:0004642
6.3.5.4	GO:0004066
6.3.5.5	GO:0004088
6.3.5.6	GO:0050566
6.3.5.7	GO:0050567
6.3.5.9	GO:0043802
6.4.1.1	GO:0004736
6.4.1.2	GO:0003989
6.4.1.3	GO:0004658
6.4.1.4	GO:0004485
6.4.1.5	GO:0047925
6.4.1.6	GO:0018710
6.4.1.7	GO:0034029
6.5.1.1	GO:0003910
6.5.1.2	GO:0003911
6.5.1.3	GO:0003972
6.5.1.4	GO:0003963
6.6.1.1	GO:0016851
6.6.1.2	GO:0051116
7.1.1.2	GO:0008137
7.1.1.3	GO:0009486
7.1.1.6	GO:0009496
7.1.1.8	GO:0008121
7.1.1.9	GO:0004129
7.1.2.1	GO:0008553
7.1.2.2	GO:0046933,GO:0046961
7.1.3.1	GO:0009678
7.2.1.3	GO:0140571
7.2.2.1	GO:0046932,GO:0046962
7.2.2.10	GO:0005388
7.2.2.11	GO:0015413
7.2.2.12	GO:0016463
7.2.2.13	GO:0005391
7.2.2.14	GO:0015444
7.2.2.15	GO:0015445
7.2.2.16	GO:0015625
7.2.2.17	GO:0015624
7.2.2.19	GO:0008900
7.2.2.2	GO:0015434
7.2.2.20	GO:0015633
7.2.2.21	GO:0008551
7.2.2.3	GO:0008554
7.2.2.4	GO:0140679
7.2.2.5	GO:0015410
7.2.2.6	GO:0008556
7.2.2.7	GO:0015408
7.2.2.8	GO:0140581
7.2.2.9	GO:0043682
7.2.4.1	GO:0015451
7.2.4.2	GO:0015451
7.2.4.3	GO:0015451
7.2.4.4	GO:0015451
7.2.4.5	GO:0015451,GO:0018801
7.3.2.1	GO:0015415
7.3.2.2	GO:0015416
7.3.2.3	GO:0015419,GO:0102025
7.3.2.4	GO:0015414
7.3.2.5	GO:0015412
7.3.2.6	GO:1901238
7.3.2.7	GO:0015446
7.4.2.1	GO:0015426,GO:0015599
7.4.2.11	GO:0033232
7.4.2.2	GO:0015425
7.4.2.3	GO:0008566
7.4.2.4	GO:0016464
7.4.2.5	GO:0015440,GO:0015462
7.4.2.6	GO:0015421
7.4.2.8	GO:0008564
7.5.2.1	GO:0015423
7.5.2.10	GO:0015614
7.5.2.12	GO:0015612
7.5.2.13	GO:0015612
7.5.2.2	GO:0015422
7.5.2.3	GO:0015441
7.5.2.4	GO:0015438
7.5.2.8	GO:0015611
7.5.2.9	GO:0103116
7.6.2.1	GO:0140326
7.6.2.10	GO:0015430
7.6.2.11	GO:0015417
7.6.2.12	GO:0015436
7.6.2.15	GO:0048502
7.6.2.16	GO:0015594
7.6.2.2	GO:0008559
7.6.2.3	GO:0015431
7.6.2.4	GO:0015607
7.6.2.5	GO:0015439
7.6.2.6	GO:0008558
7.6.2.7	GO:0015411
7.6.2.8	GO:0015420
7.6.2.9	GO:0015418
