module_id	module_name	module_formula	module_reactions	module_kos	module_compounds
M00174	Methane oxidation	methane => formaldehyde	R01142,R09518,R01146	K10944,K10945,K10946,K16157,K16158,K16159,K16160,K16161,K16162,K14028,K14029,K23995	C01438,C00132,C00067
M00572	Pimeloyl-ACP biosynthesis	malonyl-ACP => pimeloyl-ACP	R09543,R10115,R10116,R10117,R10118,R10119,R10120,R10121,R10122,R09725	K02169,K00647,K09458,K00059,K02372,K00208,K02170,K09789,K19560,K19561	C01209,C19673,C20372,C20373,C20374,C20375,C20376,C20377,C20378,C19846,C19845
M00356	Methanogenesis		R09098,R04541,R11931,R04540,R11928,R11943,R11944	K14080,K04480,K14081,K00399,K00401,K00402,K22480,K22481,K22482,K03388,K03389,K03390,K08264,K08265,K03388,K03389,K03390,K14127,K14126,K14128,K22516,K00125	C00132,C03920,C04628,C01438,C04832
M00918	Aerobactin biosynthesis		R00448,R03168,R10090,R10091	K03897,K03896,K03894,K03895	C00047,C01028,C03955,C20333,C05554
M00308	Semi-phosphorylative Entner-Doudoroff pathway		R01538,R01541,R05605,R01061,R01512,R01058,R10860	K05308,K00874,K01625,K00134,K00927,K00131,K18978	C00257,C00204,C04442,C00118,C00022,C00236,C00197
M00928	Gibberellin A4/A1 biosynthesis		R06322,R06323,R06326,R06336,R05097,R03806,R03807,R03009	K05282,K04124	C11857,C11860,C11861,C11863,C11864,C06094,C06095,C02034,C02035,C00859
M00844	Arginine biosynthesis		R01398,R01954,R01086	K00611,K01940,K01755,K14681	C00169,C00077,C00327,C00049,C03406,C00062,C00122
M00110	C19/C18-Steroid hormone biosynthesis		R03783,R08517,R01837,R01840,R04759,R02351	K00512,K00070,K07434	C01953,C05138,C01227,C00280,C05290,C05297,C00468
M00633	Semi-phosphorylative Entner-Doudoroff pathway		R01538,R01541,R05605,R03033,R03387,R01064,R01058,R10860	K05308,K18126,K11395,K18978	C00257,C00204,C04442,C00118,C00022,C00197,C00880,C01216,C01286
M00094	Ceramide biosynthesis		R01281,R02978,R06517,R06519	K00654,K04708,K04709,K04710,K24621,K24622,K23727,K04712	C00154,C00065,C02934,C00836,C12126,C00195
M00176	Assimilatory sulfate reduction		R00529,R00509,R02021,R05717,R00858,R00859	K13811,K00958,K00860,K00955,K00957,K00956,K00957,K00860,K00390,K13811,K05907,K00380,K00381,K00392	C00059,C00224,C00053,C00094,C00283
M00803	dTDP-D-angolosamine biosynthesis		R05518,R08927,R08928,R08929	K16435,K19859,K16436,K13332	C11907,C06620,C18029,C18030,C18031
M00853	ETEC pathogenicity signature			K22850,K22851,K22852,K22853,K22854	
M00535	Isoleucine biosynthesis		R07399,R03896,R03898,R00994	K09011,K01703,K01704,K00052	C00022,C02612,C02226,C06032,C00109
M00763	Ornithine biosynthesis	glutamate => ornithine	R10929,R10930,R10931,R10932,R10933	K05826,K19412,K05828,K05829,K05830,K05831	C00025,C20948,C20949,C20950,C20951,C00077
M00900	Crocin biosynthesis		R09757,R10988,R09759,R09758,R10989,R10990	K21371,K21354	C08588,C19867,C19869,C17513,C19868,C08589
M00697	Multidrug resistance			K07690,K18898,K18899,K12340	
M00573	Biotin biosynthesis	long-chain-acyl-ACP => pimeloyl-ACP => biotin	R10123,R10124,R10699,R03182,R01078	K16593,K00652,K19563,K01935,K01012	C20683,C19845,C01092,C01037,C01909,C00120
M00970	Proline degradation		R01253,R03314,R00245,R13148	K00318,K00294,K13821	C00148,C03912,C01165,C00025
M00031	Lysine biosynthesis	2-aminoadipate => lysine	R09775,R09776,R09777,R09778,R09779	K05826,K05827,K05828,K05829,K05830,K05831	C00956,C19886,C19887,C19888,C19889,C00047
M00672	Penicillin biosynthesis		R04870,R04872,R06361	K12743,K04126,K10852	C00956,C00183,C00097,C05556,C05557,C00395
M00369	Cyanogenic glycoside biosynthesis		R00730,R04460,R07190,R05728,R04296	K13027,K13029,K13030	C00082,C03004,C15503,C04350,C03742,C05143
M00152	Cytochrome bc1 complex		R02161	K00411,K00412,K00413,K00414,K00415,K00416,K00417,K00418,K00419,K00420	C00390,C00125,C00399,C00126,C00080
M00704	Tetracycline resistance			K18906,K08168	
M00131	Inositol phosphate metabolism		R03430,R03427,R04372,R01187	K01106,K01107,K01109,K01092	C01272,C01243,C04063,C04006,C00137
M00780	Tetracycline/oxytetracycline biosynthesis		R09189,R05463,R05462,R09190,R09197,R09191,R04060,R05459,R09198,R09192	K14251,K14252,K14253,K14254,K14255,K14256,K21301	C18295,C06629,C06628,C06627,C06654,C02811,C03206,C06570,C18296,C06624
M00363	EHEC pathogenicity signature			K11006,K11007	
M00370	Glucosinolate biosynthesis		R08160,R08168,R08170,R08164,R08167	K11812,K11813,K11818,K11819,K11820,K11821	C00078,C02937,C16518,C16516,C16517,C05837
M00620	Incomplete reductive citrate cycle		R01196,R00344,R00342,R01082,R10660,R00405,R01197	K00169,K00170,K00171,K00172,K01959,K01960,K00024,K01677,K01678,K18209,K18210,K01902,K01903,K00174,K00175,K00176,K00177	C00024,C00022,C00036,C00149,C00122,C00042,C00091,C00026
M00044	Tyrosine degradation		R00734,R00729,R02521,R02519,R03181,R01364	K00815,K00838,K00832,K03334,K00457,K00451,K01800,K01555,K16171	C00082,C01179,C00544,C01036,C01061,C00164,C00122
M00056	O-glycan biosynthesis		R05907,R05908,R05912,R05909,R05915,R05910	K00710,K00731,K09653,K00727,K09662,K09663,K00739	C02189
M00060	KDO2-lipid A biosynthesis	LpxL-LpxM type	R04567,R04587,R04550,R04549,R04606,R04657,R04658,R05074,R05146,R05075	K00677,K02535,K02536,K03269,K09949,K00748,K00912,K02527,K02517,K02560	C00043,C04738,C06022,C04652,C04824,C04932,C04919,C06024,C06025,C06251,C06026
M00932	Phylloquinone biosynthesis		R01717,R08165,R08166,R04031,R04030,R07263,R07262,R12254,R12255,R11061,R04994	K02552,K02551,K08680,K02549,K14759,K01911,K14760,K01661,K19222,K12073,K23094,K17872,K23095	C00251,C00885,C16519,C05817,C02730,C03160,C15547,C03657,C22039,C05427,C13309,C21084,C03313
M00141	C1-unit interconversion		R00945,R01220,R01218,R01655,R00943	K00600,K00288,K13403,K13402	C00101,C00143,C00445,C00234
M00133	Polyamine biosynthesis		R00566,R01157,R00178,R01920	K01583,K01584,K01585,K02626,K01480,K01611,K00797	C00062,C00179,C00134,C00019,C01137,C00315
M00789	Rebeccamycin biosynthesis		R09570,R09560,R09566,R09567,R09568,R09569	K14266,K19884,K19885,K19886,K19887,K19888,K19889	C00078,C19687,C19688,C19698,C19699,C19700,C19701
M00922	CMP-Neu5Ac biosynthesis		R00414,R01804,R01117	K24257,K01654,K00983	C00043,C00645,C00270,C00128
M00050	Guanine ribonucleotide biosynthesis		R01130,R01230,R01231,R00332,R00330	K00088,K01951,K00942,K00940,K18533	C00130,C00655,C00144,C00035,C00044
M00879	Arginine succinyltransferase pathway		R00832,R04189,R04217,R05049,R00411	K00673,K01484,K00840,K06447,K05526	C00062,C03296,C03415,C05932,C05931,C00025
M00052	Pyrimidine ribonucleotide biosynthesis		R00158,R00156,R00571,R00573,R00570	K13800,K13809,K09903,K00940,K18533,K01937	C00105,C00015,C00075,C00063,C00112
M00611	Oxygenic photosynthesis in plants and cyanobacteria				
M00019	Valine/isoleucine biosynthesis		R00226,R05071,R04440,R04439,R04441,R01214,R08648,R05069,R05068,R05070,R02199	K01652,K01653,K11258,K00053,K01687,K00826	C00022,C06010,C04181,C04272,C00141,C00183,C00109,C06006,C14463,C06007,C00671,C00407
M00055	N-glycan precursor biosynthesis		R05969,R05970,R05972,R05973,R06238,R06127,R06128,R06258,R06259,R06260,R06261,R01005,R06262,R06263,R06264	K01001,K07432,K07441,K03842,K03843,K03844,K03845,K03846,K03847,K03846,K00729,K03848,K03849,K03850	C00110,C01246
M00777	Avermectin biosynthesis		R06481,R06467,R06473,R06477,R06490,R06491,R06488,R06489,R06483,R06470,R06475,R06479,R06498,R06499,R06496,R06497	K14371,K24567,K24568,K24569,K14372,K14373,K14374,K14375	C01033,C11977,C11978,C11979,C11980,C11982,C11984,C11981,C11983,C00630,C11961,C11962,C11963,C11964,C11966,C11968,C11965,C11967
M00165	Reductive pentose phosphate cycle (Calvin cycle)		R01523,R00024,R01512,R01061,R01063,R01015,R01068,R00762,R01067,R01829,R01845,R01641,R01056,R01529	K00855,K01601,K01602,K00927,K05298,K00150,K00134,K01803,K01623,K01624,K03841,K02446,K11532,K01086,K00615,K01100,K11532,K01086,K01807,K01808,K01783	C00199,C01182,C00011,C00197,C00236,C00118,C00111,C00354,C00085,C00279,C00231,C00447,C05382,C00117
M00415	Fatty acid elongation in endoplasmic reticulum			K10247,K10205,K10248,K10249,K10244,K10203,K10250,K15397,K10245,K10246,K10251,K10703,K10258	
M00568	Catechol ortho-cleavage		R00817,R06989,R06990,R02991	K03381,K01856,K03464,K01055,K14727	C00090,C02480,C14610,C03586,C00846
M00845	Arginine biosynthesis		R00259,R02649,R03443,R02283,R07245,R09107,R01954,R01086	K22478,K00145,K00821,K09065,K01438,K01940,K01755	C00025,C00624,C04133,C01250,C00437,C00169,C15532,C00327,C00049,C03406,C00062,C00122
M00358	Coenzyme M biosynthesis		R07476,R05789,R07136,R05774,R09153	K08097,K05979,K05884,K13039,K06034	C00074,C11536,C11537,C05528,C00593,C03576
M00909	UDP-N-acetyl-D-glucosamine biosynthesis	glucose => UDP-GlcNAc	R01786,R13199,R00768,R02060,R05332,R00416	K00845,K25026,K01810,K13810,K15916,K00820,K03431,K04042	C00267,C00668,C00085,C00352,C06156,C04501,C00043
M00919	Ectoine degradation		R09800,R09801,R06977,R09805	K15783,K15784,K15785,K15786	C06231,C19929,C03283,C00441,C00049
M00849	C5 isoprenoid biosynthesis	archaea	R00238,R01978,R02082,R02081,R02245,R10561,R12894,R12895,R10779,R10780,R10781,R10093,R01123	K00626,K01641,K00021,K00054,K00869,K17942,K25517,K09128,K25518,K03186,K18689,K18690,K22813,K06981,K01823	C00024,C00332,C00356,C00418,C01107,C20345,C22453,C20847,C20848,C00129,C00235
M00158	F-type ATPase		R00086	K02132,K02133,K02136,K02134,K02135,K02137,K02126,K02127,K02128,K02138,K02129,K01549,K02130,K02139,K02140,K02141,K02131,K02142,K02143,K02125	C00008,C00009,C00002,C00001
M00971	QS-7 biosynthesis		R06469,R10924,R13149,R13150,R13151,R13152,R13153,R13155,R13157,R13159,R13162,R13165	K15813,K20667,K26481,K26482,K26483,K26484,K26485,K26487,K26488,K26489,K26490,K26491,K26493,K26494,K26495	C01054,C08616,C17148,C08942,C08972,C22652,C22653,C22654,C22656,C22658,C22660,C22664,C22666
M00613	Anoxygenic photosynthesis in green nonsulfur bacteria				
M00069	Glycosphingolipid biosynthesis	LacCer => GT3	R05937,R05940,R05947	K03370,K03371,K03369	
M00876	Staphyloferrin A biosynthesis		R00672,R12353,R12354	K21898,K23446,K23447	C00077,C00515,C22101,C22102
M00364	C10-C20 isoprenoid biosynthesis		R01123,R01658,R02003,R02061	K01823,K00795,K13789,K13787	C00129,C00235,C00341,C00448,C00353
M00774	Erythromycin biosynthesis		R00918,R05270,R05530,R05531,R05522,R05520,R05532	K10817,K24563,K24564,K14366,K14367,K14368,K15997,K14370,K14369	C00100,C00683,C03240,C06635,C06630,C06633,C06616,C01912,C06653
M00173	Reductive citrate cycle (Arnon-Buchanan cycle)		R01196,R10866,R00199,R00206,R00345,R00344,R00342,R01082,R02164,R00402,R00405,R01197,R00267,R01900,R01325,R00352,R01322,R00354	K00169,K00170,K00171,K00172,K03737,K01007,K01006,K01595,K01959,K01960,K01958,K00024,K01676,K01679,K01677,K01678,K00239,K00240,K00241,K00242,K18556,K18557,K18558,K18559,K18560,K01902,K01903,K00174,K00175,K00177,K00176,K00031,K01681,K01682,K15230,K15231,K15232,K15233,K15234	C00024,C00022,C00074,C00036,C00149,C00122,C00042,C00091,C00026,C00311,C00417,C00158,C00566
M00013	Malonate semialdehyde pathway		R04432,R12356,R03045,R03158,R01608,R00705,R00706	K00248,K00232,K07511,K14729,K05605,K23146,K00140	C00100,C00894,C05668,C01013,C00222,C00024
M00975	Betaine degradation	betaine => pyruvate	R13016,R01564,R01565,R13028,R00610,R12967,R13029,R00945,R00220	K00479,K21832,K00309,K00315,K00301,K00302,K00303,K00304,K00305,K21833,K21834,K25960,K25961,K00600,K01752,K01754	C00719,C01026,C00213,C00037,C00065,C00022
M00950	Biotin biosynthesis	pimeloyl-ACP/CoA => biotin	R10124,R03210,R12935,R12934,R01078	K00652,K25570,K01935,K01012	C19845,C01092,C01063,C22458,C01909,C00120
M00108	C21-Steroid hormone biosynthesis		R02213,R03851,R03262,R03263	K00513,K00497,K07433,K07433	C00410,C03205,C02140,C01124,C01780
M00026	Histidine biosynthesis		R01071,R04035,R04037,R04640,R04558,R03457,R03243,R03013,R03012,R01163	K00765,K02502,K01523,K01496,K11755,K14152,K01814,K24017,K02501,K02500,K01663,K01693,K00817,K04486,K05602,K18649,K01089,K00817,K00013,K14152	C00119,C02739,C02741,C04896,C04916,C04666,C01267,C01100,C00860,C01929,C00135
M00023	Tryptophan biosynthesis		R00985,R00986,R01073,R03509,R03508,R02722	K01657,K01658,K13503,K13501,K01656,K00766,K13497,K01817,K24017,K01656,K01609,K13498,K13501,K01695,K01696,K06001,K01694	C00251,C00108,C04302,C01302,C03506,C00078
M00963	Chanoclavine aldehyde biosynthesis		R01657,R10166,R12104,R10128	K14130,K18884,K17746	C00078,C04290,C20410,C09131,C20379
M00785	Cycloserine biosynthesis		R11033,R10466,R00586,R10461,R10488,R10470	K19741,K19723,K19726,K19725,K19724,K19727	C00065,C00979,C00062,C05933,C07044,C00077,C20639,C20651,C08057
M00527	Lysine biosynthesis	aspartate => lysine	R00480,R02291,R10147,R04198,R04199,R07613,R02735,R00451	K00928,K12524,K12525,K12526,K00133,K01714,K00215,K10206,K01778,K01586,K12526	C00049,C03082,C00441,C20258,C03972,C00666,C00680,C00047
M00944	Morphine biosynthesis		R03833,R04695,R04696,R04697,R04723,R04769,R05127,R03698,R03592	K22093,K13391,K13392,K13393,K01742,K14975,K14976,K13394	C02105,C06167,C05178,C05179,C05220,C05322,C06173,C06175,C01735,C01516
M00021	Cysteine biosynthesis		R00586,R00897	K00640,K23304,K01738,K13034,K17069	C00065,C00979,C00283,C00097
M00962	Psilocybin biosynthesis		R00685,R11912,R11933,R11935,R11936,R12142,R08480	K22433,K22434,K22435,K22436	C00078,C00398,C21762,C21778,C21779,C07576,C08312
M00058	Glycosaminoglycan biosynthesis		R05929,R05931,R05932	K00746,K13499,K00747,K03419	
M00901	Fumiquinazoline biosynthesis		R12417,R12418,R12419,R12420,R12421	K23665,K23666,K23667,K23668	C00078,C00108,C00041,C22145,C22146,C22147,C22148,C22149
M00024	Phenylalanine biosynthesis		R01715,R01373,R00694	K01850,K04092,K14187,K04093,K04516,K06208,K06209,K01713,K04518,K05359,K14170,K00832,K00838	C00251,C00254,C00166,C00079
M00053	Deoxyribonucleotide biosynthesis		R02017,R01137,R02019,R01857,R02024,R02326,R02018,R02331	K00525,K00526,K10807,K10808,K00940,K18533	C00008,C00206,C00131,C00035,C00361,C00286,C00112,C00705,C00458,C00015,C01346,C00460
M00149	Succinate dehydrogenase		R02164	K00241,K00242,K18859,K18860,K00239,K00240	C00042,C15602,C00122,C15603
M00799	dTDP-L-oleandrose biosynthesis		R05518,R11051,R06433,R11041,R11042	K16435,K13315,K16438,K19856,K19857	C11907,C06620,C11928,C11927,C21071,C11921
M00942	Pterocarpan biosynthesis		R06564,R06560,R06562,R07737,R07738	K13259,K13260,K05281,K13265,K25075	C10208,C00858,C02920,C00786,C16187,C10503
M00953	Mugineic acid biosynthesis		R00177,R00075,R07277,R07141,R07142,R07185,R07186,R07187,R12826	K00789,K05953,K14271,K22374,K18054	C00073,C00019,C05324,C15486,C15485,C15500,C15501,C15502
M00830	Neocarzinostatin naphthoate moiety biosynthesis		R11125,R10796,R10963,R10771	K20422,K20420,K20421,K20423	C00083,C20856,C20857,C20841,C20842
M00867	KDO2-lipid A modification pathway		R12201,R12202,R12219,R12203,R12204	K12977,K03760,K23082,K23083,K23159,K09953	C21988,C21994,C21995,C21996,C21997,C21998
M00911	Riboflavin biosynthesis	GTP => riboflavin/FMN/FAD	R00425,R09375,R09376,R09377,R07280,R07281,R04457,R00066,R00549,R00161	K01497,K14654,K14655,K02858,K00794,K00793,K00861,K00953	C00044,C01304,C18910,C04454,C04732,C00199,C15556,C04332,C00255,C00061,C00016
M00961	Betacyanin biosynthesis		R13031,R08836,R08837,R13032,R08821,R08822,R08816,R08820,R08824	K26037,K15777,K15776,K15774,K26038	C00082,C00355,C17758,C08538,C05604,C08539,C08540,C17751,C08537
M00892	UDP-N-acetyl-D-glucosamine biosynthesis	glucose => UDP-GlcNAc	R01786,R13199,R00768,R02058,R08193,R00416	K00844,K12407,K00845,K01810,K00820,K00621,K01836,K00972	C00267,C00668,C00085,C00352,C00357,C04501,C00043
M00151	Cytochrome bc1 complex respiratory unit		R13224	K00412,K00413,K00410,K00411,K03886,K03887,K03888,K03890,K03891,K03889	C15603,C00125,C15602,C00126,C00080
M00949	Staphylopine biosynthesis		R12313,R12341,R12237	K01780,K23120,K23122	C00135,C06419,C22025,C22024
M00775	Oleandomycin biosynthesis		R06453,R06454,R06455,R06456,R06457	K16007,K24565,K24566,K16008,K16009,K13320,K16010	C00083,C02557,C11989,C11990,C11991,C11992,C01946
M00696	Multidrug resistance			K18140,K18141,K18142,K12340	
M00121	Heme biosynthesis	glutamate => heme	R05578,R04109,R02272,R00036,R00084,R03165,R03197,R03220,R06895,R03222,R09489,R12605,R00310	K01885,K02492,K01845,K01698,K01749,K01719,K13542,K13543,K01599,K00228,K02495,K00230,K00231,K08973,K01772	C00025,C02987,C03741,C00430,C00931,C01024,C01051,C03263,C01079,C02191,C00032
M00057	Glycosaminoglycan biosynthesis		R05925,R05926,R05927,R05928	K00771,K00733,K00734,K10158	C02189
M00542	EHEC/EPEC pathogenicity signature			K03221,K03219,K03222,K03226,K03227,K03228,K03229,K03230,K03224,K03225,K12784,K12787,K12785,K12786,K12788,K16041,K16042	
M00624	Terephthalate degradation		R05148,R01633	K18074,K18075,K18077,K18076	C06337,C06318,C00230
M00947	D-Arginine racemization		R11018,R11031,R11032	K19746,K19744	C00792,C03771,C00062
M00965	Vindoline biosynthesis		R05855,R05885,R11810,R11777,R04013,R05857,R03230	K12696,K21895,K22365,K22323,K21896,K12697,K12698	C09244,C11643,C11675,C21678,C04578,C02673,C01091,C01626
M00118	Glutathione biosynthesis		R00894,R00497	K11204,K11205,K01919,K21456,K01920	C00025,C00669,C00051
M00091	Phosphatidylcholine (PC) biosynthesis		R02056,R03424,R01320	K00551,K16369,K00550,K00570	C00350,C01241,C04308,C00157
M00035	Methionine degradation		R00177,R00367,R04858,R00192,R01290	K00789,K00552,K00558,K17398,K17399,K01251,K01697,K10150	C00073,C00019,C00021,C00155,C00065,C02291
M00846	Siroheme biosynthesis		R04109,R02272,R00036,R00084,R03165,R03194,R03947,R02864	K02492,K01845,K01698,K01749,K01719,K13542,K13543,K02302,K00589,K02303,K02496,K13542,K13543,K02304,K24866,K03794	C02987,C03741,C00430,C00931,C01024,C01051,C02463,C05778,C00748
M00544	Carbazole degradation		R05414,R09512,R05415,R05365	K15751,K15752,K15753,K15754,K15755,K15756	C08060,C08061,C08062,C00108,C00596
M00107	Steroid hormone biosynthesis		R01454,R04854,R02723,R04855,R03933,R02216	K00498,K00070	C00187,C05500,C05501,C05502,C01953,C00410
M00796	dTDP-D-mycaminose biosynthesis		R06424,R06423,R06439	K19853,K19854,K13307	C11907,C11908,C11925,C11933
M00029	Urea cycle		R00149,R01398,R01954,R01086,R00551	K01948,K00611,K01940,K01755,K14681,K01476	C00014,C00169,C00077,C00327,C00049,C03406,C00062,C00122,C00086
M00621	Glycine cleavage system		R03425,R04125,R03815,R01221	K00281,K00282,K00283,K00605,K00382	C00037,C02051,C01242,C00011,C00101,C02972,C00143,C00014
M00674	Clavaminate biosynthesis		R05465,R05467,R05466,R05357,R05468,R05469	K12673,K12674,K12675,K12676	C00062,C00118,C06655,C06656,C06657,C06658,C06659,C06660
M00786	Fumitremorgin alkaloid biosynthesis		R10661,R10340,R10321,R10588,R10416,R10414,R10457,R10445,R10341	K18281,K14132,K17475,K18280,K17827,K17826,K14134,K17825,K18279	C00078,C00148,C20563,C20512,C20513,C20607,C20604,C20605,C20630,C20045,C20564
M00964	Fumigaclavine biosynthesis		R12090,R12091,R10163,R12093,R10200,R10201	K19182,K19183,K19184,K14135	C20379,C21897,C20409,C20408,C20437,C20436,C20438
M00097	beta-Carotene biosynthesis		R02065,R04218,R09653,R09654,R09655,R09656,R09658,R07512,R05341,R03824	K02291,K02293,K15744,K00514,K09835,K06443	C00353,C03427,C05421,C19765,C19764,C15857,C19759,C15858,C05432,C05435,C02094
M00171	C4-dicarboxylic acid cycle		R00345,R00355,R00355,R00342,R00214,R00258,R00258,R00206	K01595,K14454,K14455,K00025,K00026,K00028,K00814,K14272,K01006	C00074,C00036,C00049,C00149,C00022,C00011,C00041
M00838	Undecylprodigiosin biosynthesis		R06746,R06747,R11665,R11667,R11668,R11669,R11670,R04014,R11664,R11663,R11666,R11673	K21780,K21781,K21782,K21783,K21784,K21785,K21786,K21791,K21792,K21793,K21787	C00148,C12470,C12483,C21567,C21568,C21569,C21570,C05223,C02679,C21573,C21574,C12023
M00912	NAD biosynthesis		R00678,R01959,R01960,R02668,R02665,R04293,R03348,R03005,R00189,R00257	K00453,K00463,K01432,K14263,K07130,K00486,K01556,K00452,K00767,K00969,K06210,K01916,K01950	C00078,C02700,C00328,C03227,C00632,C04409,C03722,C01185,C00857,C00003
M00005	PRPP biosynthesis		R01049	K00948	C00117,C00119
M00835	Pyocyanine biosynthesis		R08956,R11463,R09707,R11568,R11569,R11570,R11491,R11576,R11577,R11533,R11346	K13063,K20261,K06998,K20260,K20262,K21103,K20940	C00251,C18054,C19830,C19831,C21473,C21408,C21411,C21412,C20981,C21442,C21295,C01748
M00011	Citrate cycle	2-oxoglutarate => oxaloacetate	R00621,R03316,R01700,R02570,R07618,R01197,R00405,R00432,R00727,R10343,R02164,R01082,R00342,R00361	K00164,K00658,K01616,K00382,K00174,K00175,K00177,K00176,K01902,K01903,K01899,K01900,K18118,K00234,K00235,K00236,K00237,K25801,K00239,K00240,K00241,K00242,K18859,K18860,K00244,K00245,K00246,K00247,K01676,K01679,K01677,K01678,K00026,K00025,K00024,K00116	C00026,C15972,C16254,C00091,C15973,C00042,C00122,C00149,C00036
M00081	Pectin degradation		R02362,R02360,R07413	K01051,K01184,K01213	C00714,C00470,C02273,C00333
M00736	Nocardicin A biosynthesis		R10880,R10881,R10883,R10882,R10903,R03072,R03073	K19102,K19103,K05375,K19104,K19105,K19106	C12323,C00062,C00065,C17355,C17352,C17351,C01941,C01739,C00927
M00924	Cobalamin biosynthesis	uroporphyrinogen III => sirohydrochlorin => cobyrinate a,c-diamide	R03194,R03947,R05807,R05808,R11580,R05810,R07772,R07773,R05812,R07774,R07775,R05814,R05815	K02302,K02303,K13542,K02304,K24866,K02190,K03795,K22011,K03394,K05934,K13541,K21479,K05936,K02189,K13541,K02188,K05895,K02191,K03399,K00595,K06042,K02224	C01051,C02463,C05778,C11538,C17401,C11540,C16242,C16243,C11542,C11543,C16244,C11545,C05773,C06504
M00957	Lysine degradation	L-lysine => glutarate => succinate/acetyl-CoA	R00449,R02273,R02274,R02401,R12216,R12217,R13035,R02488,R03026,R01975,R00238	K00468,K01506,K14268,K07250,K00135,K15737,K15736,K01041,K00252,K01692,K01825,K01782,K01825,K01782,K00626	C00047,C00990,C00431,C03273,C00489,C00026,C03196,C00042,C00527,C00877,C01144,C00332,C00024
M00115	NAD biosynthesis		R00481,R07410,R07407,R04292,R03348,R03005,R00189,R00257	K00278,K06989,K03517,K00767,K00969,K06210,K01916,K01950	C00049,C05840,C03722,C01185,C00857,C00003
M00028	Ornithine biosynthesis		R00259,R02649,R03443,R02283,R00669,R02282	K00618,K00619,K14681,K14682,K00620,K22477,K22478,K00930,K22478,K00145,K12659,K00818,K00821,K01438,K14677,K00620	C00025,C00624,C04133,C01250,C00437,C00077
M00344	Formaldehyde assimilation		R01440,R01011,R01068,R00762	K17100,K00863,K01624,K03841	C00067,C00184,C00111,C00354,C00085
M00528	Nitrification		R00148,R10164	K10944,K10945,K10946,K10535	C00014,C00192,C00088
M00109	C21-Steroid hormone biosynthesis		R02211,R03326,R02843,R02834,R02836	K00512,K00513,K00497,K15680,K00071	C00410,C01176,C05488,C00735,C00762
M00574	Pertussis pathogenicity signature			K11023,K11024,K11025,K11026,K11027	
M00579	Phosphate acetyltransferase-acetate kinase pathway		R00230,R00315	K00625,K13788,K15024,K00925	C00024,C00227,C00033
M00862	beta-Oxidation	tri/dihydroxycholestanoyl-CoA => choloyl/chenodeoxycholoyl-CoA	R08735,R04813,R04812,R03719,R08740,R04809,R04810,R04811	K10214,K12405,K08764	C17343,C05460,C15614,C05467,C01794,C17346,C05447,C05448,C05449,C05337
M00905	Grixazone biosynthesis		R10673,R10469,R10720	K18287,K17835,K20204	C00441,C20644,C12115,C20799
M00598	Anoxygenic photosystem I			K08940,K08941,K08942,K08943	
M00531	Assimilatory nitrate reduction		R00791,R00794,R00796,R00798,R00790,R00787,R00789	K00367,K10534,K00372,K00360,K00366,K17877,K26139,K26138,K00361	C00244,C00088,C00014
M00161	Photosystem II		R09503	K02703,K02706,K02705,K02704,K02707,K02708	C02061,C00001,C16693,C00007
M00778	Type II polyketide backbone biosynthesis		R09258,R09259,R09262,R09265,R09305,R11516,R06642,R09187,R09188,R06643,R09260,R09263,R09266,R09325,R09268,R09350,R09269	K05551,K05552,K05553,K12420,K05554,K14249,K15884,K15885,K05555,K14250,K15886	C00083,C12348,C18327,C18328,C18329,C18353,C21430,C12441,C12442,C18293,C18294,C12354,C18330,C18331,C18332,C18629,C18336,C18709,C18337
M00374	Dicarboxylate-hydroxybutyrate cycle		R01196,R00199,R00345,R00342,R01082,R02164,R00405,R09280,R09281,R09279,R10782,R03026,R01975,R00238	K00169,K00170,K00171,K00172,K01007,K01595,K00024,K01677,K01678,K00239,K00240,K00241,K18860,K01902,K01903,K15038,K15017,K14465,K14467,K18861,K25774,K14534,K15016,K00626	C00024,C00022,C00074,C00036,C00149,C00122,C00042,C00091,C00232,C00989,C11062,C00877,C01144,C00332
M00563	Methanogenesis		R09998,R09999,R09124,R04541,R11931,R04540,R11928,R11943,R11944	K14082,K16177,K16176,K16179,K16178,K14084,K14083,K00399,K00401,K00402,K22480,K22481,K22482,K03388,K03389,K03390,K08264,K08265,K03388,K03389,K03390,K14127,K14126,K14128,K22516,K00125	C00218,C03920,C00543,C00565,C04628,C01438,C04832
M00608	2-Oxocarboxylic acid chain extension		R00271,R03444,R04371,R09720,R01934,R08331,R10392,R10393,R10391,R08214,R08332,R10395,R10396,R10394,R08215	K10977,K16792,K16793,K10978	C00026,C00024,C01251,C04002,C05662,C00322,C16583,C20581,C16597,C16588,C16598,C20582,C16600,C16589
M00801	dTDP-L-olivose biosynthesis		R05518,R05526,R08597,R06434	K16435,K13327,K19858,K13319	C11907,C06620,C11922,C11927,C11920
M00847	Heme biosynthesis	siroheme => heme	R12000,R12001,R12002,R11522	K22225,K22226,K22227,K25033	C00748,C21835,C21284,C00032
M00549	Nucleotide sugar biosynthesis		R01786,R02189,R00959,R00289	K00844,K00845,K25026,K12407,K00886,K01835,K15779,K15778,K00963,K12447	C00267,C00668,C00103,C00029
M00154	Cytochrome c oxidase		R00081	K02257,K02262,K02256,K02261,K02263,K02264,K02265,K02266,K02267,K02268,K02270,K02271,K02272,K02273,K02258,K02259,K02260	C00007,C00126,C00080,C00125,C00001
M00782	Mithramycin biosynthesis		R06715,R06716,R06717,R06718,R06719,R09351,R09352,R09353,R09354	K15959,K15960,K15961,K15963,K15964,K15965,K15966,K15967	C12382,C12383,C12384,C12385,C12386,C12387,C18710,C12388,C18711,C12389
M00808	Violacein biosynthesis		R11119,R11131,R11134,R11135,R11136	K20086,K20087,K20088,K20089,K20090	C00078,C21124,C21131,C21134,C21135,C21136
M00134	Polyamine biosynthesis		R00551,R00670	K01476,K01581	C00062,C00077,C00134
M00145	NAD(P)H:quinone oxidoreductase		R11945	K05574,K05582,K05581,K05579,K05572,K05580,K05578,K05576,K05577,K05575,K05573,K05583,K05584,K05585	C00399,C00004,C00080,C00390,C00003
M00896	Thiamine biosynthesis	AIR (+ NAD+) => TMP/TPP	R12026,R10711,R03472,R04509,R10712,R00617	K22699,K03147,K00941,K00788,K21220,K21219,K00946	C00037,C00003,C20784,C20247,C03373,C04556,C04752,C01081,C00068
M00357	Methanogenesis		R00315,R00230,R00235,R09096,R04347,R04541,R11931,R04540,R11928,R11943,R11944	K00925,K00625,K01895,K00193,K00197,K00194,K00577,K00578,K00579,K00580,K00581,K00582,K00583,K00584,K00399,K00401,K00402,K22480,K22481,K22482,K03388,K03389,K03390,K08264,K08265,K03388,K03389,K03390,K14127,K14126,K14128,K22516,K00125	C00033,C00227,C00024,C04488,C03576,C03920,C04628,C01438,C04832
M00525	Lysine biosynthesis	aspartate => lysine	R00480,R02291,R10147,R04198,R04199,R04364,R04467,R02733,R02735,R00451	K00928,K00133,K01714,K00215,K05822,K00841,K05823,K01778,K01586	C00049,C03082,C00441,C20258,C03972,C05539,C04390,C00666,C00680,C00047
M00895	Thiamine biosynthesis	AIR (+ DXP/glycine) => TMP/TPP	R07459,R07461,R07463,R10247,R09977,R03472,R04509,R10712,R00617	K03148,K03154,K03151,K03153,K03149,K10810,K03147,K00941,K00788,K00946	C15810,C15813,C15814,C00037,C15809,C11437,C20246,C20247,C03373,C04556,C04752,C01081,C00068
M00569	Catechol meta-cleavage		R00816,R02762,R03966,R02602,R02604,R02601,R00750,R00228,R05295,R05353,R05389,R05374,R05865,R05864,R05298,R09097	K00446,K07104,K10217,K01821,K01617,K10216,K18364,K02554,K18365,K01666,K18366,K04073	C00090,C00682,C02501,C03453,C00596,C03589,C00022,C00084,C00024,C06730,C06760,C07478,C07479,C11354,C06762,C00479,C00100
M00368	Ethylene biosynthesis		R00177,R00179,R07214	K00789,K01762,K20772,K05933	C00073,C00019,C01234,C06547
M00085	Fatty acid elongation in mitochondria		R00391,R01778,R02685,R07162,R01177,R04748,R04749,R06985,R04747,R04745,R04746,R03776,R03778,R04743,R04744,R04753,R04742,R04741,R04170,R03856,R03858,R04739,R04740,R03989,R03991,R04737,R04738,R01278	K07508,K07509,K00022,K07511,K07515,K07512	C00040,C00024,C00264,C00640,C00658,C00136,C05269,C05268,C05271,C05270,C05267,C05266,C05276,C01944,C05265,C05264,C05275,C05274,C05263,C05262,C03221,C01832,C05261,C05260,C05273,C02593,C05259,C05258,C05272,C00154
M00779	Dihydrokalafungin biosynthesis		R09306,R09307,R09308,R06695,R09314,R05705,R06696	K05556,K14626,K14627,K14628,K14629,K14630,K14631,K14632	C18353,C18354,C18356,C12434,C12435,C12436
M00033	Ectoine biosynthesis		R00480,R02291,R06977,R06978,R06979	K00928,K00133,K00836,K06718,K06720	C00049,C03082,C00441,C03283,C06442,C06231
M00952	Benzoxazinoid biosynthesis		R02340,R07403,R07421,R07422,R07423,R07426,R08972,R08973	K13222,K13223,K13224,K13225,K13226,K13227,K13229,K13230	C03506,C00463,C12312,C11130,C15769,C15770,C15772,C18062,C04831
M00143	NADH dehydrogenase (ubiquinone) Fe-S protein/flavoprotein complex		R11945	K03934,K03935,K03936,K03937,K03938,K03939,K03940,K03941,K03942,K03943,K03944	C00399,C00004,C00080,C00390,C00003
M00856	Salmonella enterica pathogenicity signature			K11014,K11023,K19298,K22918	
M00899	Thiamine salvage pathway		R04448,R03471,R04509,R03223	K00878,K00941,K00788,K14153,K21219	C04294,C04327,C01279,C04556,C04752,C01081
M00958	Adenine ribonucleotide degradation		R00181,R01126,R00183,R01560,R01863,R01768,R01769,R02103,R02107	K01490,K01081,K19970,K03787,K18550,K01081,K19970,K11751,K03787,K02566,K08693,K01488,K19572,K05810,K03783,K03784,K09913,K05810,K00106,K00087,K13479,K13480,K13481,K13482,K11177,K11178,K13483	C00020,C00130,C00294,C00212,C00262,C00385,C00366
M00082	Fatty acid biosynthesis		R00742,R01626,R01624,R04355,R10707	K11262,K02160,K01961,K11263,K01962,K01963,K18472,K00665,K00667,K00668,K11533,K00645,K00648,K18473	C00024,C00083,C01209,C03939,C05744
M00418	Toluene degradation	toluene => benzoyl-CoA	R05598,R05588,R05584,R05599,R05575,R05587	K07540,K07543,K07544,K07545,K07546,K07547,K07548,K07549,K07550	C01455,C09816,C09817,C09818,C09819,C09820,C00512
M00376	3-Hydroxypropionate bi-cycle		R00742,R00740,R09289,R09286,R03045,R00919,R01859,R02765,R00833,R00406,R02164,R01082,R00406,R00473,R00934,R05076,R09283,R09282,R00237	K02160,K01961,K01962,K01963,K14468,K14469,K15052,K05606,K01847,K01848,K01849,K14471,K14472,K00239,K00240,K00241,K01679,K08691,K14449,K14470,K09709	C00024,C00083,C00222,C01013,C05668,C00894,C00100,C00683,C01213,C00091,C00042,C00122,C00149,C04348,C00048,C06027,C06028,C18323,C01011,C00022
M00162	Cytochrome b6f complex		R03817	K02635,K02637,K02634,K02636,K02642,K02643,K03689,K02640	C16693,C03162,C02061,C03025
M00827	C-1027 beta-amino acid moiety biosynthesis		R11366,R11367,R11368,R10731	K21183,K21181,K21182,K16431,K21184,K21185	C00082,C21308,C21309,C20810,C11449
M00968	Pentose bisphosphate pathway (nucleoside degradation)	nucleoside/NMP => 3-PGA/glycerone phosphate	R01876,R02147,R11535,R13089,R10836,R10837,R10838,R10555,R03140,R13090,R12696	K00757,K26211,K26212,K21056,K26208,K18931,K18237,K01601,K26210,K01636	C00299,C00620,C00387,C01151,C00020,C00055,C00105,C01182,C00197,C22337,C00111
M00741	Propanoyl-CoA metabolism		R01859,R02765,R00833	K01965,K01966,K11263,K18472,K19312,K22568,K01964,K15036,K15037,K05606,K01847,K01848,K01849	C00100,C00683,C01213,C00091
M00773	Tylosin biosynthesis		R06448,R06450,R06449,R10656,R06451,R06452,R02859,R02858	K15988,K24555,K24556,K24557,K24558,K15989,K15990,K15992,K15991,K15993,K15994,K15995,K15996	C02557,C00083,C12000,C12001,C20760,C12002,C12003,C02400,C00744,C01457
M00099	Sphingosine biosynthesis		R01281,R02978,R06517,R06519,R01494	K00654,K04708,K04709,K04710,K24621,K24622,K23727,K04712,K01441,K12348,K12349	C00154,C02934,C00836,C12126,C00195,C00319
M00147	NADH dehydrogenase (ubiquinone) 1 beta subcomplex		R11945	K03957,K03958,K03959,K03960,K03961,K03962,K03963,K03964,K03965,K03966,K11351,K03967,K03968	C00399,C00004,C00080,C00390,C00003
M00113	Jasmonic acid biosynthesis		R07869,R07863,R03402,R03401,R07887,R07888,R07889,R07890,R07891,R07892,R07893,R07894,R07895,R07896,R07897,R07898,R07899,R07902	K00454,K01723,K10525,K05894,K10526,K00232,K10527,K07513	C06427,C04785,C04672,C01226,C04780,C16327,C16328,C16330,C16331,C16332,C16334,C16335,C16336,C16338,C16339,C16317,C08491
M00077	Chondroitin sulfate degradation		R07823,R07824	K01135,K01197,K01195,K01132	C00634
M00946	Noscapine biosynthesis		R03831,R03835,R04400,R08789,R11687,R11688,R11689,R11690,R11691,R11692,R11693,R10018,R10020	K00307,K13397,K13395,K13396,K20621,K22094,K22095,K22096,K23157,K23158,K22097,K22098	C02105,C02106,C04118,C03329,C02915,C21586,C21587,C21588,C21589,C21590,C21591,C20299,C20297,C09592
M00761	Undecaprenylphosphate alpha-L-Ara4N biosynthesis		R07658,R07659,R07660,R07661,R07662	K10011,K07806,K10012,K13014	C00167,C16155,C16153,C16154,C16156,C16157
M00378	F420 biosynthesis		R12161,R12162,R09397,R09398,R09399,R09400	K11780,K11781,K14941,K11212,K12234	C04732,C21971,C19154,C19156,C19155,C19153,C19152,C00876
M00018	Threonine biosynthesis		R00480,R02291,R01773,R01775,R01771,R01466	K00928,K12524,K12525,K12526,K00133,K00003,K12524,K12525,K00872,K02204,K02203,K01733	C00049,C03082,C00441,C00263,C01102,C00188
M00038	Tryptophan metabolism		R00678,R01959,R01960,R02668,R02665,R04323,R03889	K00453,K00463,K01432,K14263,K07130,K00486,K01556,K00452,K03392,K10217,K23234	C00078,C02700,C00328,C03227,C00632,C04409,C03824,C02220
M00102	Ergocalciferol biosynthesis		R03199,R05640,R05639,R07509,R07494,R07495,R12403,R12404,R12405,R04427,R07497,R07491,R07506,R05641,R03677	K01852,K05917,K00222,K07750,K07748,K09827,K00559,K09829,K00227,K09831,K00223	C01054,C01724,C11455,C05108,C15808,C15816,C05103,C22112,C22136,C05437,C04525,C15777,C15780,C05440,C01694,C05441
M00078	Heparan sulfate degradation		R07811,R07812,R07813,R07814,R07815,R07816,R07817,R07818,R07819	K07964,K07965,K01136,K01217,K01565,K10532,K01205,K01195,K01137	C00925
M00040	Tyrosine biosynthesis		R01715,R01731,R00732,R00733	K01850,K04092,K14170,K00832,K15849,K00220,K24018,K15227	C00251,C00254,C00826,C00082
M00781	Nogalavinone/aklavinone biosynthesis		R09327,R06675,R09328,R09329,R06679,R06680,R06681,R06682	K15941,K15942,K15943,K15944	C18629,C12416,C12415,C18630,C18631,C12420,C12421,C12422,C12423,C12424
M00615	Nitrate assimilation			K02575,K15576,K15577,K15578,K15579	
M00017	Methionine biosynthesis		R00480,R02291,R01773,R01775,R01777,R03260,R01286,R00946,R04405	K00928,K12524,K12525,K00133,K00003,K12524,K12525,K00651,K00641,K01739,K01760,K14155,K00548,K24042,K00549	C00049,C03082,C00441,C00263,C01118,C02291,C00155,C00073
M00851	Carbapenem resistance			K18768,K18970,K19316,K22346,K18794,K19318,K18971,K18793,K19319,K19320,K19321,K19322,K18972,K19211,K18976,K21277,K18782,K18781,K18780,K19099,K19216	
M00345	Formaldehyde assimilation		R05338,R05339,R00756,R01068	K08093,K13812,K08094,K13831,K00850,K16370,K21071,K01624	C00199,C00067,C06019,C00085,C00354,C00118
M00086	beta-Oxidation		R01280	K01897,K15013	C00249,C00154
M00843	L-threo-Tetrahydrobiopterin biosynthesis		R00428,R05046,R05048,R04639,R04286,R09990	K01495,K01737,K17745	C00044,C05922,C05923,C06148,C04895,C03684,C20264
M00625	Methicillin resistance			K02547,K02546,K02545	
M00014	Glucuronate pathway (uronate pathway)		R00286,R01381,R01476,R01383,R01478,R01481,R02640,R01905,R01904,R01896,R01639	K00012,K12447,K16190,K00699,K01195,K14756,K00002,K13247,K03331,K05351,K00008,K00854	C00029,C00167,C05385,C00191,C03033,C00800,C00618,C00312,C00379,C00310,C00231
M00100	Sphingosine degradation		R01926,R06516	K04718,K01634	C00319,C06124,C00346
M00930	Menaquinone biosynthesis		R10666,R10667,R10695,R08587,R08588,R08589	K11782,K18285,K18286,K20810,K11783,K11784,K11785	C00251,C20772,C20773,C16999,C17010,C17017,C17018
M00837	Prodigiosin biosynthesis		R06746,R06747,R11665,R11667,R11668,R11669,R11670,R11141,R11672,R11661,R11662	K21780,K21781,K21782,K21783,K21784,K21785,K21786,K21428,K21778,K21779,K21787	C00148,C12470,C12483,C21567,C21568,C21569,C21570,C21138,C21139,C21571,C21572,C21565
M00551	Benzoate degradation		R05621,R00813,R05290,R05292,R05428,R05314,R05665,R05309	K05549,K05550,K05784,K05783	C00180,C06321,C00090,C01454,C06729,C06730,C07215,C06731,C02923,C07211,C06720
M00126	Tetrahydrofolate biosynthesis		R00428,R05046,R05048,R04639,R04620,R04638,R04621,R03504,R03503,R03066,R03067,R02237,R00936,R00939	K01495,K09007,K22391,K01077,K01113,K08310,K19965,K13939,K13940,K01633,K00950,K00796,K01633,K13941,K11754,K20457,K00287,K13998	C00044,C05922,C05923,C06148,C04895,C04874,C05925,C01300,C04807,C00921,C00415,C00101
M00841	Tetrahydrofolate biosynthesis	GTP => THF	R00428,R05046,R05048,R04639,R11719,R03503,R03067,R03066,R02237,R00936,R00939	K01495,K22101,K13941,K11754,K13998	C00044,C05922,C05923,C06148,C04895,C01300,C04807,C00921,C00415,C00101
M00101	Cholesterol biosynthesis		R03199,R05640,R05639,R07509,R07494,R07495,R12403,R12404,R12405,R07498,R03353,R07215,R01451,R01456	K01852,K05917,K00222,K19532,K07750,K07748,K13373,K09828,K01824,K00227,K00213	C01054,C01724,C11455,C05108,C15808,C15816,C05103,C22112,C22136,C05437,C03845,C01189,C01164,C00187
M00546	Purine degradation		R02103,R02107,R02106,R09514,R06601,R06604,R02425,R02422	K00106,K00087,K13479,K13480,K13481,K13482,K11177,K11178,K13483,K00365,K16838,K16839,K22879,K13484,K07127,K13485,K16838,K16840,K01466,K16842,K01477	C00385,C00366,C11821,C12248,C02350,C00499,C00086
M00960	Lysine degradation	L-lysine => D-lysine => succinate	R00460,R13034,R04175,R02203,R08414,R02317,R13037,R01939,R13011,R13036,R12216	K25316,K25317,K26064,K13609,K26065,K26061,K26062,K25986,K26063,K15737	C00047,C00739,C03239,C04092,C00408,C00450,C04076,C00956,C00322,C01087,C00026,C00042
M00661	Paspaline biosynthesis		R10349,R10350,R10352,R10351,R10353	K18385,K18386,K18387	C00353,C03506,C20525,C20526,C20527,C20529,C20530
M00788	Terpentecin biosynthesis		R09714,R09684,R11069	K19835,K19834	C00353,C19815,C19814,C21093
M00030	Lysine biosynthesis	2-oxoglutarate => 2-aminoadipate => lysine	R00271,R03444,R04371,R01934,R01939,R03098,R04863,R04390,R02315,R00715	K01655,K17450,K01705,K05824,K00838,K00143,K00293,K24034,K00290	C00026,C00024,C01251,C04002,C05662,C00322,C00956,C05560,C05535,C04076,C00449,C00047
M00910	Phenylalanine biosynthesis		R01715,R01731,R07276,R00691	K01850,K15849,K05359	C00251,C00254,C00826,C00079
M00798	dTDP-L-mycarose biosynthesis		R05518,R11051,R08933,R08934,R06436	K16435,K13315,K13317,K13316,K16438,K13318	C11907,C06620,C11928,C18035,C11915,C11916
M00567	Methanogenesis		R03015,R03390,R03464,R04456,R04455,R04464,R04347,R04541,R11931,R04540,R11928,R11943,R11944	K00200,K00201,K00202,K00203,K11261,K00205,K11260,K00204,K00672,K01499,K00319,K13942,K00320,K00577,K00578,K00579,K00580,K00581,K00582,K00583,K00584,K00399,K00401,K00402,K22480,K22481,K22482,K03388,K03389,K03390,K08264,K08265,K03388,K03389,K03390,K14127,K14126,K14128,K22516,K00125	C00011,C01001,C01274,C04330,C04377,C04488,C03576,C03920,C04628,C01438,C04832
M00649	Multidrug resistance			K18143,K18144,K18145,K18146,K18147	
M00794	dTDP-6-deoxy-D-allose biosynthesis		R06437,R06438,R10573	K13312,K13313	C11907,C11926,C11912
M00039	Monolignol biosynthesis		R00697,R02253,R00737,R01616,R01615,R07437,R02416,R06582,R07433,R01942,R02193,R02593,R06572,R06576,R03918	K10775,K13064,K00487,K01904,K13065,K09754,K00588,K09753,K09755,K13066,K00083,K22395	C00079,C00423,C00811,C00082,C00223,C05608,C02646,C02947,C10434,C00323,C00406,C02666,C00590,C12204,C05610,C02325
M00125	Riboflavin biosynthesis	GTP => riboflavin/FMN/FAD	R00425,R03459,R03458,R07280,R07281,R04457,R00066,R00549,R00161	K01497,K14652,K01498,K00082,K11752,K22912,K20860,K20861,K20862,K21063,K21064,K02858,K14652,K00794,K00793,K20884,K22949,K11753	C00044,C01304,C01268,C04454,C04732,C00199,C15556,C04332,C00255,C00061,C00016
M00857	Salmonella enterica pathogenicity signature			K22914,K22926,K22925,K22915,K22916,K22917,K22924,K22921,K22923,K22922	
M00966	Equol biosynthesis		R13054,R13055,R13056,R13057	K26069,K26175,K26070,K26071	C10208,C22556,C22557,C22558,C14131
M00146	NADH dehydrogenase (ubiquinone) 1 alpha subcomplex		R11945	K03945,K03946,K03947,K03948,K03949,K03950,K03951,K03952,K03953,K03954,K03955,K03956,K11352,K11353	C00399,C00004,C00080,C00390,C00003
M00550	Ascorbate degradation		R07671,R07677,R07125,R03244,R05850	K02821,K02822,K03475,K03476,K03078,K03079,K03077	C00072,C16186,C14899,C03291,C01101,C00231
M00811	Nicotine degradation	nicotine => succinate semialdehyde	R11175,R11176,R11178,R10103,R10105,R11179,R09472	K20169,K20170,K20158,K19700,K20171,K20172,K15359,K18276	C16150,C21154,C20361,C19569,C19567,C19631,C01059,C00232
M00959	Guanine ribonucleotide degradation		R01227,R02147,R01676,R02103,R02107	K01081,K19970,K11751,K03787,K02566,K08693,K20881,K03783,K03784,K09913,K05810,K01487,K00106,K00087,K13479,K13480,K13481,K13482,K11177,K11178,K13483	C00144,C00387,C00242,C00385,C00366
M00916	Pyridoxal-P biosynthesis		R10089	K06215,K08681	C00117,C00118,C00064,C00018
M00815	Validamycin A biosynthesis		R10937,R11079,R11233,R11234,R11236,R11238,R11497,R11240,R11241	K19969,K20431,K20432,K20433,K20434,K20435,K20436,K20437,K20438	C20956,C17691,C17694,C17696,C17697,C21218,C21216,C21368,C21219,C17700,C12112
M00540	Benzoate degradation		R05620,R05619,R05600,R05582,R05592	K04116,K04117,K07534,K07535,K07536	C09822,C09823,C09811,C09812,C09813,C01063
M00651	Vancomycin resistance			K18345,K18344,K07260,K18346,K18351,K18352,K18354,K18353,K18347,K15739,K08641	
M00740	Methylaspartate cycle		R00351,R01325,R01900,R01899,R00268,R00248,R00262,R03696,R10904,R05076,R00934,R00473,R10612,R00342	K01647,K01681,K00031,K00261,K19268,K01846,K04835,K19280,K14449,K19281,K19282,K00024	C00036,C00024,C00158,C00417,C00311,C05379,C00026,C00025,C03618,C01732,C06028,C06027,C00048,C04348,C00149
M00037	Melatonin biosynthesis	tryptophan => serotonin => melatonin	R01814,R02701,R02911,R03130	K00502,K01593,K00669,K00543	C00078,C00643,C00780,C00978,C01598
M00790	Pyrrolnitrin biosynthesis		R09570,R11105,R11106,R11107	K14266,K19981,K14257,K19982	C00078,C19687,C21110,C21109,C12491
M00937	Aflatoxin biosynthesis		R10239,R10224,R10309,R10317,R10310,R10318,R10311,R10475,R10476,R10477,R10401,R10402,R10479,R10481,R03112,R03111,R10319	K15316,K17643,K17644,K17645,K17652,K17646,K24440,K24855,K17648,K24439,K24856,K24438,K24857,K24858,K17649,K17650,K17651	C00083,C20453,C20452,C20499,C20500,C20502,C20501,C20574,C20503,C20505,C20507,C20575,C20583,C03683,C00961,C03686,C06800
M00007	Pentose phosphate pathway	fructose 6P => ribose 5P	R01067,R08575,R01641,R01529,R01056	K00615,K00616,K13810,K01783,K01807,K01808	C00085,C00118,C00279,C00231,C05382,C00117,C00199
M00068	Glycosphingolipid biosynthesis	LacCer => Gb4Cer	R05960,R05962	K01988,K00719	
M00124	Pyridoxal-P biosynthesis		R01825,R04210,R05085,R05681,R07406,R05838,R00278	K03472,K03473,K00831,K00097,K03474,K00275	C00279,C03393,C06054,C06055,C07335,C11638,C00627,C00018
M00120	Coenzyme A biosynthesis		R03018,R04230,R04231,R03269,R03035,R00130	K00867,K03525,K01947,K09680,K01922,K21977,K01598,K13038,K02318,K00954,K02201,K00859	C00864,C03492,C04352,C01134,C00882,C00010
M00793	dTDP-L-rhamnose biosynthesis		R02328,R06513,R06514,R02777	K00973,K01710,K01790,K00067,K23987	C00103,C00842,C11907,C00688,C03319
M00902	Podophyllotoxin biosynthesis		R12126,R10225,R10226,R10129,R11222,R11230,R11211,R11545,R11210,R12127	K21568,K19650,K21207,K21203,K21205,K21204,K21202	C00590,C05366,C10646,C18167,C10682,C21191,C21183,C21184,C10577,C10556,C10874
M00951	Cremeomycin biosynthesis		R12907,R12947,R12912,R12928,R12943	K25562,K25597,K25563,K25594,K25598	C00049,C22388,C00088,C12115,C22455,C22425,C22416
M00702	Multidrug resistance			K18906,K18907,K08170	
M00834	Calicheamicin orsellinate moiety biosynthesis		R11412,R11413,R11414,R11415,R11416	K21254,K21255,K21256,K21257,K21258	C00083,C21343,C21344,C21345,C21346,C21347
M00673	Cephamycin C biosynthesis		R04870,R04872,R04147,R05301,R05229,R05230,R05302,R05303	K12743,K04126,K04127,K12744,K12745,K04128,K18062,K18063	C00956,C00183,C00097,C05556,C05557,C06564,C06565,C03112,C06568,C06569,C06566
M00036	Leucine degradation		R01090,R07601,R07602,R04097,R07618,R04095,R04138,R02085,R01360	K00826,K00166,K00167,K11381,K09699,K00382,K00253,K00249,K01968,K01969,K05607,K13766,K01640	C00123,C00233,C15972,C15975,C02939,C15973,C03069,C03231,C00356,C00164
M00836	Coenzyme F430 biosynthesis		R11626,R11627,R11628,R11629	K22011,K22012,K21610,K21611,K21612	C05778,C21510,C21511,C21512,C05777
M00130	Inositol phosphate metabolism		R03361,R03469,R03435,R03433	K00888,K19801,K13711,K00889,K13712,K01116,K05857,K05858,K05859,K05860,K05861,K00911	C01194,C01277,C04637,C01245,C01272
M00967	Flavone degradation		R13069,R13072,R13082,R13066,R13073,R02901	K26176,K26178,K22906	C01514,C05631,C22567,C10447,C02183,C01477,C00509,C00774,C01744
M00155	Cytochrome c oxidase		R00081	K02275,K02274,K02276,K15408,K02277,K27109	C00007,C00126,C00080,C00125,C00001
M00894	Cannabidiol biosynthesis		R10171,R10278,R10176,R10160,R12103,R12101,R12102	K20503,K20508,K20502,K20501	C00083,C20413,C20417,C20406,C10784,C07578,C21903,C06972
M00554	Nucleotide sugar biosynthesis		R01092,R00955	K00849,K00965	C00984,C00446,C00052
M00805	Staurosporine biosynthesis		R11119,R11120,R11121,R11122,R11123,R11129,R05757	K20075,K20076,K20077,K20078,K20079,K20080,K20081,K20082	C00078,C21124,C21125,C21126,C21127,C21128,C07349,C02079
M00882	Lipoic acid biosynthesis	octanoyl-ACP => dihydrolipoyl-H	R12428,R12424	K23735,K03644	C05752,C22159,C02972
M00372	Abscisic acid biosynthesis		R07558,R07559,R06946,R06947,R06950,R06953,R06948,R06949,R06952,R06954,R06957	K15746,K15747,K09838,K14594,K09840,K09841,K09842	C02094,C08591,C06098,C08579,C08614,C13433,C13453,C08606,C13431,C13455,C06082
M00541	Benzoyl-CoA degradation		R02451,R10961,R05597,R05581,R05594	K04112,K04113,K04114,K04115,K19515,K19516,K07537,K07538,K07539	C00512,C06322,C06749,C09821,C06714
M00417	Cytochrome o ubiquinol oxidase		R11335	K02297,K02298,K02299,K02300	C00390,C00007,C00399,C00001
M00046	Pyrimidine degradation	thymine => 3-aminoisobutanoate	R00978,R00977,R02269,R00905,R01415,R11026,R03055,R04666	K00207,K17722,K17723,K01464,K01431,K06016	C00106,C00429,C02642,C00099,C00178,C21028,C21029,C01205
M00150	Fumarate reductase		R02164	K00244,K00245,K00246,K00247	C00042,C15602,C00122,C15603
M00880	Molybdenum cofactor biosynthesis		R09394,R11372,R09395,R09726,R09735	K03639,K03637,K20967,K03635,K21142,K03831,K03638,K03750,K15376	C00044,C21310,C18239,C05924,C19848,C18237
M00532	Photorespiration		R03140,R01334,R00475,R00009,R00372,R00945,R00588,R01388,R01514,R01221	K01601,K01602,K19269,K11517,K03781,K14272,K00600,K00830,K15893,K15919,K15918,K00281,K00605,K00382,K02437	C01182,C00988,C00197,C00160,C00007,C00048,C00027,C00025,C00026,C00037,C00065,C00168,C00258,C00014
M00776	Pikromycin/methymycin biosynthesis		R06459,R06461,R06464,R06458,R06460,R06463	K16000,K16001,K16002,K16003,K16004,K16005,K16006	C00683,C00083,C11997,C11998,C11999,C11993,C11994,C11996
M00570	Isoleucine biosynthesis		R00996,R08648,R05069,R05068,R05070,R02199	K17989,K01754,K01652,K01653,K11258,K00053,K01687,K00826	C00188,C00109,C06006,C14463,C06007,C00671,C00407
M00797	dTDP-D-desosamine biosynthesis		R02773,R08583,R06426,R06427	K13308,K13309,K13310,K16436,K13311,K13326	C11907,C04268,C11909,C11910,C11911
M00698	Multidrug resistance			K18900,K18901,K18902,K18903	
M00112	Tocopherol/tocotorienol biosynthesis		R07500,R07501,R07502,R07236,R07503,R07504,R10708,R10710,R10624,R10491,R10623,R10492	K09833,K12502,K18534,K09834,K05928	C05427,C00544,C15882,C15883,C02483,C02477,C14151,C14152,C00353,C20737,C20738,C14155,C14153,C14156,C14154
M00917	Phytosterol biosynthesis		R03200,R07481,R12377,R12371,R12399,R03775,R05731,R07483,R07484,R05776,R12379,R12376,R12401,R07486,R07487,R07488,R12378,R12375,R12400,R07491,R07492,R07493	K01853,K00559,K14423,K23558,K08246,K05917,K00222,K01824,K08242,K14424,K00227,K00213,K09828	C01054,C01902,C08830,C22116,C22121,C02141,C01943,C11508,C15776,C11522,C11523,C22120,C22123,C15782,C15783,C08821,C01753,C22119,C22122,C15777,C15780,C15781,C01789
M00943	Reticuline biosynthesis		R04305,R05123,R04692,R05732,R03832	K13382,K13383,K13384,K13385,K13386	C03765,C03758,C06160,C06161,C05176,C05202,C02105
M00935	Methanofuran biosynthesis		R10935,R11038,R11039,R00736,R10902,R11040	K09733,K19793,K07144,K18933,K06914,K07072	C00118,C20954,C21068,C21069,C00082,C00483,C20926,C21070
M00156	Cytochrome c oxidase		R00081	K00404,K00405,K15862,K00407,K00406	C00007,C00126,C00080,C00125,C00001
M00833	Calicheamicin biosynthesis		R11412,R11413,R11414,R11415,R11416,R11417,R11418,R11419,R11420,R11422,R11423,R11421	K21254,K21255,K21256,K21257,K21258,K21259,K21260,K21261,K21262,K21263	C00083,C21343,C21344,C21345,C21346,C21347,C21337,C21338,C21339,C21340,C21341,C11469,C21342
M00064	ADP-L-glycero-D-manno-heptose biosynthesis		R05645,R05646,R05647,R05644,R05176	K03271,K03272,K21344,K03273,K03272,K21345,K03274	C05382,C07836,C11472,C07838,C06397,C06398
M00555	Betaine biosynthesis		R01025,R08557,R08558,R07409,R01022,R02565,R02566,R08211	K17755,K00108,K11440,K00499,K00130,K14085	C00114,C00576,C00719
M00616	Sulfate-sulfur assimilation			K02048,K23163,K02046,K02047,K02045	
M00859	Bacillus anthracis pathogenicity signature			K11030,K08645,K11029	
M00136	GABA biosynthesis	putrescine => GABA	R07414,R07415,R07417,R07418,R07419	K09470,K09471,K09472,K09473	C00134,C15699,C15700,C15767,C00334
M00377	Reductive acetyl-CoA pathway (Wood-Ljungdahl pathway)		R07157,R00134,R12754,R00943,R01655,R01220,R07168,R02289,R08433,R10243	K00198,K05299,K15022,K22015,K25123,K25124,K01938,K01491,K01500,K00297,K25007,K25008,K15023,K14138,K00197,K00194	C00011,C00237,C00058,C00101,C00234,C00445,C00143,C00440,C00024
M00866	KDO2-lipid A biosynthesis	non-LpxL-LpxM type		K00677,K02535,K16363,K02536,K03269,K09949,K00748,K00912,K02527,K02517,K09778	
M00969	Fumagillin biosynthesis		R13104,R13117,R13122,R13123,R13106,R13145,R13146,R13147	K22569,K21295,K22570,K22571,K22572,K22573,K22574,K22575	C00448,C22617,C22629,C22631,C22619,C22618,C00083,C22651,C22650,C09668
M00128	Ubiquinone biosynthesis	4-hydroxybenzoate + polyprenyl-PP => ubiquinol	R05000,R08770,R08771,R08772,R12658,R09737,R12067,R12657	K06125,K06126,K00591,K06127,K06134,K00591	C00156,C05847,C05848,C17554,C17559,C17552,C19858,C19859,C21860,C00390
M00365	C10-C20 isoprenoid biosynthesis		R01123,R01658,R02003,R02061	K01823,K13787	C00129,C00235,C00341,C00448,C00353
M00609	Cysteine biosynthesis		R00177,R10404,R00194,R01291,R10305,R01001	K00789,K17462,K01243,K07173,K17216,K17217	C00073,C00019,C00021,C03539,C00155,C02291,C00097
M00881	Lipoic acid biosynthesis	octanoyl-ACP => dihydrolipoyl-E2/H	R12427,R12423,R12428,R12424	K03801,K03644	C05752,C22160,C15973,C22159,C02972
M00921	Cyclooctatin biosynthesis		R01658,R02003,R02061,R10763,R12177,R12178	K13787,K18686,K22997,K22998	C00235,C00129,C00341,C00448,C00353,C20834,C21978,C21979
M00745	Imipenem resistance			K18072,K18073,K07644,K07665,K18297,K18093	
M00309	Non-phosphorylative Entner-Doudoroff pathway		R01538,R08570,R03033,R10616,R10324,R10615,R08571	K05308,K11395,K18127,K18020,K18021,K18022,K18128,K03738	C00257,C00204,C00577,C00022,C00880,C01216,C00258
M00623	Phthalate degradation		R03630,R05275,R01635	K18068,K18069,K18067,K04102	C01606,C04783,C03233,C00230
M00153	Cytochrome bd ubiquinol oxidase		R11325	K00425,K00426,K00424,K22501	C00390,C00007,C00080,C00399,C00001
M00079	Keratan sulfate degradation		R07805,R07806,R07807,R07808,R07809,R07810	K01132,K12309,K01137,K12373	C00573
M00730	Cationic antimicrobial peptide (CAMP) resistance			K19077,K19078,K19079,K19080	
M00860	Bacillus anthracis pathogenicity signature			K22976,K22977,K22980,K07282,K22116,K01932,K22981	
M00049	Adenine ribonucleotide biosynthesis		R01135,R01083,R00127,R00333,R00331	K01939,K01756,K00939,K18532,K18533,K00944,K00940	C00130,C03794,C00020,C00008,C00002
M00042	Catecholamine biosynthesis		R00731,R01815,R02080,R02535,R02533	K00505,K00501,K01593,K00503,K00553	C00082,C00355,C03758,C00547,C00788
M00576	ETEC pathogenicity signature			K10928,K10929,K16883,K16884	
M00127	Thiamine biosynthesis	AIR (+ DXP/tyrosine) => TMP/TPP	R07459,R07461,R10246,R10247,R09977,R03472,R04509,R10712,R00617	K03148,K03154,K03151,K03150,K03149,K03147,K00941,K00788,K14153,K21219,K00946	C15810,C15813,C15814,C00082,C15809,C11437,C20246,C20247,C03373,C04556,C04752,C01081,C00068
M00148	Succinate dehydrogenase (ubiquinone)		R13223	K00236,K00237,K25801,K00234,K00235	C00399,C00042,C00390,C00122
M00877	Kanosamine biosynthesis		R10519,R10698,R10547	K18652,K18653,K18654	C00092,C20668,C12213,C12212
M00643	Multidrug resistance			K18129,K18094,K18095,K18139	
M00422	Acetyl-CoA pathway		R07157,R09096,R10219	K00192,K00195,K00193,K00197,K00194	C00011,C00237,C00024
M00375	Hydroxypropionate-hydroxybutylate cycle		R00742,R00740,R09289,R09286,R03045,R00919,R01859,R02765,R00833,R09280,R09281,R09279,R10782,R03026,R01975,R00238	K01964,K15037,K15036,K15017,K15039,K15018,K15019,K15020,K05606,K01848,K01849,K15038,K15017,K14465,K14466,K18861,K25774,K14534,K15016,K00626	C00024,C00083,C00222,C01013,C05668,C00894,C00100,C00683,C01213,C00091,C00232,C00989,C11062,C00877,C01144,C00332
M00545	Trans-cinnamate degradation		R06783,R06785,R06781,R06787,R06788,R06789,R02601,R00750,R00228	K05708,K05709,K05710,K00529,K05711,K05712,K05713,K05714,K02554,K01666,K04073	C00423,C12622,C12623,C12621,C12624,C00596,C03589,C00084,C00024
M00878	Phenylacetate degradation		R02539,R09838,R09837,R09836,R09820,R09839,R06942,R06941,R00829	K01912,K02609,K02610,K02611,K02612,K02613,K15866,K02618,K02615,K01692,K00074	C07086,C00582,C20062,C19975,C19946,C19945,C14144,C00024,C14145,C02232,C00091
M00163	Photosystem I		R09542	K02689,K02690,K02691,K02692,K02693,K02694	C03025,C00139,C03162,C00138
M00913	Pantothenate biosynthesis		R01226,R02472,R09076,R00904,R02473	K00606,K00077,K13367,K00128,K01918	C00141,C00966,C00522,C00750,C05665,C00099,C00864
M00948	Hydroxyproline degradation		R03296,R11428,R02280,R00264	K12658,K21060,K22549,K21061,K22550,K21062,K13877	C01157,C03440,C04282,C00433,C00026
M00868	Heme biosynthesis	glycine => heme	R00830,R00036,R00084,R03165,R03197,R03220,R03222,R00310	K00643,K01698,K01749,K01719,K01599,K00228,K00231,K01772	C00037,C00430,C00931,C01024,C01051,C03263,C01079,C02191,C00032
M00526	Lysine biosynthesis	aspartate => lysine	R00480,R02291,R10147,R04198,R04199,R04336,R02755,R00451	K00928,K12524,K12525,K12526,K00133,K01714,K00215,K03340,K01586,K12526	C00049,C03082,C00441,C20258,C03972,C03871,C00680,C00047
M00595	Thiosulfate oxidation by SOX complex		R10151	K17222,K17223,K17224,K17225,K22622,K17226,K17227	C00320,C00059
M00132	Inositol phosphate metabolism		R03429,R03478,R05202	K00913,K01765,K00915,K10572	C01243,C04477,C01284,C01204
M00956	Lysine degradation	L-lysine => succinate	R00462,R12214,R12215,R02274,R02401,R12216,R12217	K01582,K09251,K00137,K07250,K00135,K15737,K15736	C00047,C01672,C12455,C00431,C03273,C00489,C00026,C03196,C00042
M00938	Pyrimidine deoxyribonucleotide biosynthesis		R02018,R02331,R02100,R02101,R06613,R02094,R02093	K00525,K00526,K10807,K10808,K00940,K18533,K01520,K00560,K13998,K03465,K00943	C00015,C01346,C00460,C00365,C00364,C00363,C00459
M00048	De novo purine biosynthesis		R01072,R04144,R04325,R04463,R04208,R04209,R07404,R07405,R04591,R04559,R04560,R06975,R01127	K00764,K01945,K11787,K11788,K13713,K00601,K11175,K08289,K11787,K01492,K01952,K23269,K23264,K23265,K23270,K23265,K01933,K11787,K11788,K01587,K11808,K01589,K01588,K01923,K01587,K13713,K01756,K00602,K01492,K06863,K11176	C00119,C00064,C03090,C03838,C04376,C04640,C03373,C04751,C15667,C04823,C04677,C04734,C00130
M00652	Vancomycin resistance			K18350,K18349,K18348,K18856,K18866	
M00783	Tetracenomycin C/8-demethyltetracenomycin C biosynthesis		R06699,R06700,R06701,R06702,R06703,R06704,R06713,R10954	K15968,K15969,K15886,K15970,K15971,K15972	C12366,C12367,C12368,C12369,C12378,C12379,C12370,C12371,C06801
M00577	Biotin biosynthesis	pimelate => pimeloyl-CoA => biotin	R03209,R03210,R03231,R10699,R03182,R01078	K01906,K00652,K00833,K19563,K01935,K01012	C02656,C01063,C01092,C01037,C01909,C00120
M00543	Biphenyl degradation		R05263,R05264,R05239,R03462,R02606,R05261,R05262,R05241,R05245,R05359	K08689,K15750,K18087,K18088,K08690,K00462,K10222	C06588,C06589,C02526,C01273,C00596,C00180,C06584,C06585,C06586,C06587,C02370
M00003	Gluconeogenesis		R00431,R00726,R00341,R00658,R01518,R01512,R01061,R01063,R01015,R01070,R00762	K01596,K01610,K01689,K01834,K15633,K15634,K15635,K00927,K00134,K00150,K01803,K01623,K01624,K11645,K03841,K02446,K11532,K01086,K04041,K01622	C00036,C00074,C00631,C00197,C00236,C00118,C00111,C00354,C00085
M00906	Ethynylserine biosynthesis		R12407,R12408,R12409,R12410,R12411,R12412	K23669,K23670,K23671,K23672,K23673	C00047,C22137,C04075,C22138,C22139,C22140,C22141
M00897	Thiamine biosynthesis	AIR (+ NAD+) => TMP/thiamine/TPP	R10685,R10711,R03472,R04509,R10712,R02135,R00619	K03146,K03147,K14153,K22911,K00949	C00037,C00003,C20784,C20247,C03373,C04556,C04752,C01081,C00378,C00068
M00025	Tyrosine biosynthesis		R01715,R01728,R01730,R00734	K01850,K04092,K14170,K04093,K04516,K06208,K06209,K04517,K00211,K14187,K00832,K00838	C00251,C00254,C01179,C00082
M00831	Kedarcidin 2-hydroxynaphthoate moiety biosynthesis		R11387,R11388,R11389,R11390	K21221,K21222,K21223,K21224,K21225	C21320,C21321,C21322,C21323,C21324
M00117	Ubiquinone biosynthesis	chorismate (+ polyprenyl-PP) => ubiquinol	R01302,R05000,R04985,R08768,R08769,R12658,R09737,R12067,R12657	K03181,K18240,K03179,K03182,K03186,K18800,K00568,K03185,K03183,K03184,K06134,K00568	C00251,C00156,C05847,C05848,C05807,C17551,C17552,C19858,C19859,C21860,C00390
M00700	Multidrug resistance			K18906,K18907,K18104	
M00795	dTDP-beta-L-noviose biosynthesis		R06437,R11020,R10459	K19855,K12710,K17625	C11907,C11926,C11460,C12481
M00873	Fatty acid biosynthesis in mitochondria			K18660,K03955,K00645,K09458,K11539,K13370,K22540,K07512	
M00580	Pentose phosphate pathway	fructose 6P => ribose 5P	R05339,R05338,R01056	K08094,K08093,K13812,K13831,K01807	C00085,C06019,C00199,C00117
M00016	Lysine biosynthesis	aspartate => lysine	R00480,R02291,R10147,R04198,R04199,R04365,R04475,R02734,R02735,R00451	K00928,K12524,K12525,K12526,K00133,K01714,K00215,K00674,K00821,K14267,K01439,K01778,K01586,K12526	C00049,C03082,C00441,C20258,C03972,C04462,C04421,C00666,C00680,C00047
M00945	Sanguinarine biosynthesis		R03831,R03834,R04690,R04691,R04700,R04699,R04701,R04703	K00307,K21070,K13395,K13396,K21692,K21693,K22089	C02105,C02106,C05174,C05175,C06163,C05189,C05190,C05191,C06162
M00636	Phthalate degradation		R09227,R09228,R01634	K18251,K18252,K18253,K18254,K18255,K18256	C01606,C18314,C03223,C00230
M00744	Cationic antimicrobial peptide (CAMP) resistance			K07637,K07660,K08477	
M00045	Histidine degradation		R01168,R02914,R02288,R02285,R02287,R02286,R00525	K01745,K01712,K01468,K01479,K00603,K13990,K05603,K01458	C00135,C00785,C03680,C00439,C00025,C01045
M00903	Fosfomycin biosynthesis		R00661,R04053,R08861,R12498,R12497,R12499,R08863	K23999,K09459,K12901,K12902,K24000,K12903	C00074,C02798,C03167,C06451,C22216,C22217,C06452,C06454
M00074	N-glycan biosynthesis		R05980,R05981,R06722,R12479,R08599	K05546,K23741,K01230,K05528,K05529,K05530,K05529,K05531,K05532,K05533,K05534,K05535	
M00664	Nodulation			K14658,K14659,K14666,K14657	
M00087	beta-Oxidation		R01279,R04738,R04737,R03991,R03990,R04740,R04739,R03858,R03857,R04170,R04741,R04742,R04754,R04744,R04743,R03778,R03777,R04746,R04745,R04747,R04751,R04749,R04748,R01177,R01175,R03026,R01975,R00238	K00232,K00249,K00255,K06445,K09479,K01692,K07511,K13767,K00022,K07516,K01825,K01782,K07514,K07515,K10527,K00632,K07508,K07509,K07513	C00154,C05272,C05258,C05259,C02593,C00024,C05273,C05260,C05261,C01832,C03221,C05262,C05263,C05274,C05275,C05264,C05265,C01944,C05276,C05266,C05267,C05270,C05271,C05268,C05269,C00136,C00877,C01144,C00332
M00175	Nitrogen fixation		R05185,R12084	K02588,K02586,K02591,K00531,K22896,K22897,K22898,K22899	C00697,C00014
M00114	Ascorbate biosynthesis	fructose-6P => ascorbate	R00772,R01818,R00885,R00889,R07678,R07674,R07675,R00640	K01809,K17497,K00966,K10046,K14190,K10047,K17744,K00225	C00085,C00275,C00636,C00096,C02280,C15926,C01825,C01115,C00072
M00015	Proline biosynthesis		R00239,R03313,R00667,R03314,R01251	K00931,K00147,K12657,K00286	C00025,C03287,C01165,C00077,C03912,C00148
M00089	Triacylglycerol biosynthesis		R00851,R02241,R02239,R02251	K00629,K13506,K13507,K00630,K13508,K00655,K13509,K13523,K19007,K13513,K13517,K13519,K14674,K22831,K01080,K15728,K18693,K11155,K11160,K14456,K22848,K22849	C00093,C00681,C00416,C00641,C00422
M00083	Fatty acid biosynthesis		R04355,R04533,R04428,R04429,R04430,R04952,R04953,R04954,R04955,R04956,R04957,R04536,R04537,R04958,R04959,R04960,R04534,R04535,R04961,R04962,R04963,R04964,R04965,R04724,R04725,R04726,R04566,R04568,R04966,R04967,R04968,R04543,R04544,R04969,R04970	K00665,K00667,K00668,K11533,K00647,K09458,K00059,K02372,K01716,K16363,K00208,K02371,K10780,K00209	C03939,C01209,C05744,C04618,C04246,C05745,C05746,C05747,C05748,C05749,C05750,C04620,C05751,C05752,C05753,C04619,C05754,C05755,C05756,C05757,C05758,C05223,C05759,C04688,C05760,C05761,C05762,C04633,C05763,C05764
M00627	beta-Lactam resistance			K02172,K02171,K18766,K17836	
M00140	C1-unit interconversion		R00945,R01220,R01655,R00943	K00600,K01491,K00300,K01500,K01938	C00101,C00143,C00445,C00234
M00832	Kedarcidin 2-aza-3-chloro-beta-tyrosine moiety biosynthesis		R11391,R11392,R11393	K21183,K21227,K21228,K16431,K21185	C21325,C21326,C21327,C21328
M00032	Lysine degradation		R00716,R02313,R03102,R03103,R01939,R01933,R01940,R13166,R13167,R02571,R07618,R02488,R03026,R01975	K14157,K14085,K00825,K15791,K00658,K00382,K00252,K07514,K07515,K07511,K00022	C00047,C00449,C04076,C00956,C00322,C00527,C15972,C06157,C15973,C00877,C01144,C00332
M00564	Helicobacter pylori pathogenicity signature			K15842,K12086,K12087,K12088,K12089,K12090,K03196,K12091,K12092,K12093,K12094,K12095,K12096,K12097,K12098,K12099,K12100,K12101,K12102,K12103,K12104,K12105,K12106,K12107,K12108,K12109,K12110	
M00850	Vibrio cholerae pathogenicity signature			K10928,K10929,K10954,K10952,K10953,K10948,K11018	
M00884	Lipoic acid biosynthesis		R12431,R12423	K23750,K03644	C01944,C22160,C15973
M00939	Pyrimidine degradation		R09936,R09947,R09982,R09983,R09289	K09018,K09024,K09020,K09021,K09023,K09019,K16066	C00106,C20231,C20249,C20253,C00222,C01013
M00926	Heme biosynthesis	glutamyl-tRNA => coproporphyrin III => heme	R04109,R02272,R00036,R00084,R03165,R03197,R04178,R11329,R11522	K02492,K01845,K01698,K01749,K01719,K13542,K01599,K00231,K01772,K00435	C02987,C03741,C00430,C00931,C01024,C01051,C03263,C05770,C21284,C00032
M00072	N-glycosylation by oligosaccharyltransferase		R05976	K07151,K12666,K12667,K12668,K12669,K12670,K00730,K12691	C03021,C00621
M00632	Galactose degradation	galactose => alpha-D-glucose-1P	R10619,R01092,R00955,R00291	K01785,K00849,K00965,K01784	C00124,C00984,C00446,C00029,C00052,C00103
M00929	Gibberellin A1 biosynthesis		R02068,R05092,R06291,R06292,R06293,R06294,R06295,R06341,R06339,R06324,R06325,R06327,R06619	K20657,K21292,K12917,K12918,K12919	C00353,C06089,C06090,C11872,C11873,C11874,C11875,C06093,C11853,C11858,C11859,C11862,C11864,C00859
M00119	Pantothenate biosynthesis		R01214,R01226,R02472,R00489,R02473	K00826,K00606,K00077,K01579,K01918,K13799	C00183,C00141,C00966,C00522,C00049,C00099,C00864
M00144	NADH:quinone oxidoreductase		R11945	K00330,K00331,K00332,K00333,K00331,K13378,K13380,K00334,K00335,K00336,K00337,K00338,K00339,K00340,K00341,K00342,K00343	C00399,C00004,C00080,C00390,C00003
M00639	Multidrug resistance			K18294,K18295,K18296,K08721	
M00828	Maduropeptin beta-hydroxy acid moiety biosynthesis		R11366,R11367,R11369	K21183,K21181,K21182,K21188	C00082,C21308,C21309,C21311
M00631	D-Galacturonate degradation (bacteria)		R01983,R02555,R01540,R01541,R05605	K01812,K00041,K01685,K16849,K16850,K00874,K01625,K17463	C00333,C00558,C00817,C00204,C04442,C00022,C00118
M00533	Homoprotocatechuate degradation		R03303,R04418,R04379,R04380,R04134	K00455,K00151,K01826,K05921	C01161,C04642,C04186,C04052,C05600,C03063
M00784	Elloramycin biosynthesis		R10955,R10956,R10957,R10958,R10959	K19566,K19567,K19568,K19569,K19570	C12379,C20974,C20975,C20976,C20977,C12381
M00530	Dissimilatory nitrate reduction		R00798,R09497,R03071,R00787,R05712	K00370,K00371,K00374,K02567,K02568,K00362,K00363,K03385,K15876	C00244,C00088,C00014
M00872	O-glycan biosynthesis		R07620,R11407,R12292,R12293,R02921,R12294,R12295,R12244,R12296,R12297,R12298	K00728,K18207,K09654,K17547,K21031,K19872,K19873,K21052,K21032,K09668	C02189,C00063,C01068,C00789
M00883	Lipoic acid biosynthesis	octanoyl-ACP => dihydrolipoyl-H => dihydrolipoyl-E2	R12428,R12424,R12432	K23735,K23734,K03644,K10105,K16869	C05752,C22159,C02972,C15973
M00001	Glycolysis (Embden-Meyerhof pathway)		R01786,R02189,R09085,R13199,R00756,R05805,R01070,R01015,R01061,R01063,R01512,R07159,R01518,R00658,R00200	K00844,K12407,K00845,K25026,K00886,K08074,K00918,K01810,K06859,K13810,K15916,K00850,K16370,K21071,K00918,K01623,K01624,K11645,K16305,K16306,K01803,K00134,K00150,K00927,K11389,K01834,K15633,K15634,K15635,K01689,K00873,K12406	C00267,C00668,C00085,C00354,C00111,C00118,C00236,C00197,C00631,C00074,C00022
M00346	Formaldehyde assimilation		R00945,R00588,R01388,R08572,R00658,R00345,R00342,R01256,R00473,R00588	K00600,K00830,K00018,K11529,K01689,K01595,K00024,K08692,K14067,K08691	C00037,C00065,C00168,C00258,C00631,C00074,C00036,C00149,C04348,C00048
M00090	Phosphatidylcholine (PC) biosynthesis		R01021,R01890,R01321	K00866,K14156,K00968,K00994,K13644	C00114,C00588,C00307,C00157
M00066	Lactosylceramide biosynthesis		R01497,R03354	K00720,K07553,K09905	C00195,C01190,C01290
M00940	Flavanone biosynthesis		R06568,R06556	K00660,K08243,K01859	C00223,C08650,C09762
M00160	V-type ATPase		R00086	K02145,K02147,K02148,K02149,K02150,K02151,K02152,K02144,K02154,K03661,K02155,K02146,K02153,K03662	C00008,C00009,C00002,C00001
M00725	Cationic antimicrobial peptide (CAMP) resistance			K19077,K19078,K03367,K03739,K14188,K03740	
M00889	Puromycin biosynthesis		R05668,R05669,R05670,R05671,R05672,R05673,R05674,R05675,R05676,R05677	K12628,K12629,K12630,K12631,K12632,K12633,K12634,K12635,K12636	C00002,C07024,C07025,C07026,C00082,C07027,C07028,C07029,C07030,C07031,C07032,C01610
M00890	Roseoflavin biosynthesis		R11961,R11962,R11963,R12114,R11779,R11780	K22598,K22269	C00061,C21803,C21804,C21805,C21646,C21648,C21647
M00547	Benzene/toluene degradation		R03543,R00812,R03559,R04088	K03268,K16268,K18089,K18090,K16269	C01407,C04091,C00090,C01455,C04592,C02923
M00936	Melatonin biosynthesis	tryptophan => serotonin => melatonin	R00685,R12659,R02911,R03130	K01593,K24541,K22450,K22588,K13066	C00078,C00398,C00780,C00978,C01598
M00565	Trehalose biosynthesis		R00948,R02421,R02110,R11261,R01824,R11256	K00975,K00703,K00700,K16149,K01214,K06044,K01236	C00103,C00498,C00718,C00369,C01935,C06400,C01083
M00416	Cytochrome aa3-600 menaquinol oxidase		R09492	K02827,K02826,K02828,K02829	C05819,C00007,C00828,C00001
M00067	Sulfoglycolipids biosynthesis		R01500,R04017,R10804,R10805	K04628,K01019	C00195,C02686,C06125,C03201,C20859,C20825
M00093	Phosphatidylethanolamine (PE) biosynthesis		R01799,R01800,R02055	K00981,K00998,K17103,K01613	C00416,C00269,C02737,C00350
M00972	Proline metabolism		R00667,R03314,R01248,R01251,R01253	K00819,K00286,K00318	C00077,C01165,C03912,C00148
M00104	Bile acid biosynthesis		R01463,R04263,R04826,R04823,R04824,R04825,R04807,R08759,R08761,R08733,R08734,R08735,R04813,R04812,R03719,R07296,R04817,R04818,R04819,R04806,R08758,R08760,R08738,R08739,R08740,R04809,R04810,R04811,R03974	K00489,K12408,K07431,K00251,K00037,K00488,K08748,K01796,K10214,K12405,K08764,K11992	C00187,C03594,C05455,C17339,C05453,C05454,C05446,C01301,C04722,C15613,C17343,C05460,C15614,C05467,C01794,C00695,C05451,C05452,C05444,C05445,C04554,C17345,C17346,C05447,C05448,C05449,C05337,C02528
M00823	Chlortetracycline biosynthesis		R09189,R05463,R05462,R09190,R09197,R09191,R04060,R05459,R11478	K14251,K14252,K14253,K14254,K14255,K14256,K21301,K14257,K21297	C18295,C06629,C06628,C06627,C06654,C02811,C03206,C06570,C06571
M00012	Glyoxylate cycle		R00351,R01325,R01900,R00479,R00472,R00473,R10612,R00342	K01647,K01681,K01682,K01637,K01638,K19282,K00026,K00025,K00024	C00024,C00036,C00158,C00417,C00311,C00048,C00149
M00854	Glycogen biosynthesis		R00289,R00292,R00948,R02421,R02110	K00963,K00693,K00750,K16150,K16153,K13679,K20812,K00975,K00703,K13679,K20812,K00700,K16149	C00103,C00029,C00718,C00498,C00369
M00855	Glycogen degradation		R02111,R08639	K00688,K16153,K01196,K00705,K22451,K02438,K01200,K15779,K01835,K15778	C00369,C00103,C00092
M00138	Flavonoid biosynthesis		R02444,R03123,R04276	K00475,K13082,K05277	C00509,C00974,C03648,C05904
M00338	Cysteine biosynthesis		R01290,R01001	K01697,K10150,K01758	C00065,C00155,C02291,C00097
M00726	Cationic antimicrobial peptide (CAMP) resistance			K19077,K19078,K14205	
M00010	Citrate cycle	oxaloacetate => 2-oxoglutarate	R00351,R01325,R01900,R01324,R01899,R00268,R00267,R00709	K01647,K05942,K01681,K01682,K00031,K00030	C00036,C00024,C00158,C00311,C00026
M00537	Xylene degradation		R05288,R05282,R05289,R05442,R05348,R05663,R05443,R05347,R05664	K15757,K15758,K00055,K00141	C06756,C06757,C06758,C01454,C07212,C07213,C07214,C07215,C07208,C07216,C07209,C07211
M00746	Multidrug resistance			K13632,K18513,K09476	
M00852	Vibrio cholerae pathogenicity signature			K10961,K10920,K10919,K10930,K10931,K10962,K10932,K10963,K10933,K10964,K10965,K10934,K10935,K10966	
M00071	Glycosphingolipid biosynthesis	LacCer => nLc4Cer	R05971,R05977	K03766,K07966,K07967,K07968,K07969	
M00432	Leucine biosynthesis		R01213,R03968,R04001,R04426,R01652	K01649,K01702,K01703,K01704,K00052	C00141,C00024,C02504,C04411,C00233
M00116	Menaquinone biosynthesis		R01717,R08165,R08166,R04031,R04030,R07263,R07262,R10757,R09736	K02552,K02551,K08680,K02549,K01911,K01661,K19222,K02548,K03183	C00251,C00885,C16519,C05817,C02730,C03160,C15547,C03657,C05847,C19847,C05819
M00098	Acylglycerol degradation		R02250,R02687,R01351	K01046,K12298,K16816,K13534,K14073,K14074,K14075,K14076,K22283,K14452,K22284,K14674,K14675,K17900,K01054,K25824	C00422,C00641,C01885,C00116
M00419	Cymene degradation		R05266,R05232,R05235	K10616,K18293,K10617,K10618	C06575,C06576,C06577,C06578
M00614	Anoxygenic photosynthesis in green sulfur bacteria				
M00829	3,6-Dimethylsalicylyl-CoA biosynthesis		R07253,R11370,R11371	K15320,K21191,K21192	C00083,C02657,C21312,C21313
M00861	beta-Oxidation	VLCFA	R07934,R07935,R07936,R07937,R07950,R07951,R07952,R07953	K00232,K12405,K07513,K08764	C16168,C16374,C16375,C16376,C16169,C16172,C16387,C16388,C16389,C16173
M00095	C5 isoprenoid biosynthesis		R00238,R01978,R02082,R02245,R03245,R01121,R01123	K00626,K01641,K00021,K00869,K00938,K13273,K01597,K01823	C00024,C00332,C00356,C00418,C01107,C01143,C00129,C00235
M00840	Tetrahydrofolate biosynthesis	GTP => THF	R00425,R11072,R04621,R03504,R03503,R03066,R03067,R02237,R00936,R00939	K14652,K22100,K01633,K13941,K22099,K00287	C00044,C01304,C05925,C04874,C01300,C04807,C00921,C00415,C00101
M00941	Isoflavone biosynthesis		R07777,R07317,R07778,R06793	K13257,K13258	C09762,C15567,C10208,C00509,C12631,C06563
M00070	Glycosphingolipid biosynthesis	LacCer => Lc4Cer	R05971,R06006	K03766,K07819,K07820,K03877	
M00660	Xanthomonas spp. pathogenicity signature			K03222,K03226,K03227,K03228,K03229,K03230,K03224,K03225,K03223,K18374,K18376,K18373,K18375,K18377,K18378,K18379,K18380,K18381	
M00075	N-glycan biosynthesis		R05984,R05985,R05986,R05987,R05991,R05992,R05988,R05989,R05990	K01231,K00736,K00737,K00738,K00744,K09661,K13748,K00717,K07966,K07967,K07968,K00778,K00779	
M00043	Thyroid hormone biosynthesis		R03539,R03973,R03953,R03208	K00431	C00082,C02515,C01060,C02465,C01829
M00002	Glycolysis		R01015,R01061,R01063,R01512,R07159,R01518,R00658,R00200	K01803,K00134,K00150,K00927,K11389,K01834,K15633,K15634,K15635,K01689,K00873,K12406	C00111,C00118,C00236,C00197,C00631,C00074,C00022
M00705	Multidrug resistance			K18909,K18908	
M00135	GABA biosynthesis	putrescine => GABA	R01154,R01156,R04025,R05050,R01987	K00657,K00274,K00128,K14085,K00149	C00134,C02714,C05936,C02946,C00334
M00433	Lysine biosynthesis		R00271,R03444,R04371,R09720,R01934	K01655,K17450,K01705,K16792,K16793,K05824	C00026,C00024,C01251,C04002,C05662,C00322
M00638	Salicylate degradation		R07709,R07710	K18242,K18243,K14578,K14581	C00805,C00628
M00170	C4-dicarboxylic acid cycle		R00345,R00355,R00355,R00341	K01595,K14454,K14455,K01610	C00074,C00036,C00049,C00011
M00675	Carbapenem-3-carboxylate biosynthesis		R10485,R10556,R10415	K18317,K18316,K18315	C03912,C00083,C17366,C17367,C06669
M00103	Cholecalciferol biosynthesis		R03311,R03611,R03610	K07419,K07438	C01164,C05443,C01561,C01673
M00529	Denitrification		R00798,R03071,R00783,R00785,R00294,R02804	K00370,K00371,K00374,K02567,K02568,K00368,K15864,K04561,K02305,K00376	C00244,C00088,C00533,C00887,C00697
M00022	Shikimate pathway		R01826,R03083,R03084,R02413,R02412,R03460,R01714	K01626,K03856,K13853,K01735,K13829,K03785,K03786,K00014,K13832,K13830,K00891,K13829,K00800,K24018,K13830,K01736	C00074,C00279,C04691,C00944,C02637,C00493,C03175,C01269,C00251
M00814	Acarbose biosynthesis		R10937,R11185,R11081,R11243,R11244,R11245,R11246,R11247,R11248,R11305	K19969,K19979,K19974,K20424,K20425,K20426,K20427,K20430	C20956,C17691,C17692,C17693,C21204,C21205,C21206,C21207,C04268,C21208,C21156,C06802
M00092	Phosphatidylethanolamine (PE) biosynthesis		R01468,R02038,R02057	K00894,K14156,K00967,K00993,K13644	C00189,C00346,C00570,C00350
M00157	F-type ATPase		R00086	K02111,K02112,K02113,K02114,K02115,K02108,K02109,K02110	C00008,C00009,C00002,C00001
M00552	D-galactonate degradation	D-galactonate => glycerate-3P	R03033,R03387,R01064,R01061,R01512	K01684,K00883,K01631,K00134,K00927	C00880,C01216,C01286,C00118,C00236,C00197
M00366	C10-C20 isoprenoid biosynthesis		R01123,R01658,R02003,R02061	K01823,K14066,K00787,K13789	C00129,C00235,C00341,C00448,C00353
M00004	Pentose phosphate pathway (Pentose phosphate cycle)		R02736,R10907,R02035,R01528,R10221,R01529,R01056,R01641,R08575,R01067,R13199,R02739	K13937,K00036,K19243,K01057,K07404,K00033,K01783,K01807,K01808,K00615,K00616,K01810,K06859,K15916,K13810	C01172,C01236,C00345,C00199,C00231,C00117,C05382,C00118,C00279,C00085,C00668
M00874	Fatty acid biosynthesis in mitochondria			K11262,K03955,K00645,K09458,K00059,K22541,K07512	
M00927	Gibberellin A12 biosynthesis		R02068,R05092,R06291,R06292,R06293,R06294,R06295,R06297	K04120,K04121,K04122,K04123	C00353,C06089,C06090,C11872,C11873,C11874,C11875,C06093,C11857
M00714	Multidrug resistance			K18938,K08167	
M00923	UDP-L-FucNAm biosynthesis		R09697,R12553,R12552,R10676,R12584	K15894,K19068,K24258,K24259	C00043,C19823,C20769,C20768,C20774,C22270
M00076	Dermatan sulfate degradation		R07820,R07821,R07822,R07823,R07824	K01136,K01217,K01135,K01197,K01195	C00426
M00137	Flavanone biosynthesis		R00697,R02253,R01616,R01613,R02446	K10775,K00487,K01904,K00660,K01859	C00079,C00423,C00811,C00223,C06561,C00509
M00548	Benzene degradation		R10042,R10043	K16249,K16243,K16244,K16242,K16245,K16246	C01407,C00146,C00090
M00800	dTDP-L-megosamine biosynthesis		R05518,R06631,R11045,R11046,R11047	K16435,K16436,K13326,K16438,K13322	C11907,C06620,C12318,C21073,C21074,C11919
M00819	Pentalenolactone biosynthesis		R02305,R09814,R11315,R10157,R10156,R10154,R10145,R10162	K12250,K15907,K18056,K17747,K18091,K18057,K17476	C00448,C01841,C19939,C20404,C20403,C20400,C20399,C20397,C20407
M00168	CAM (Crassulacean acid metabolism)		R00345,R00342	K01595,K00025,K00026,K00024	C00074,C00011,C00036,C00149
M00804	Complete nitrification	ammonia => nitrite => nitrate	R00148,R10164,R00798	K10944,K10945,K10946,K10535,K00370,K00371	C00014,C00192,C00088,C00244
M00974	Betaine metabolism	betaine => glycine	R02821,R01565,R00610,R00611	K00544,K00315,K00306,K00314	C00719,C01026,C00213,C00037
M00034	Methionine salvage pathway		R00177,R00178,R01920,R01401,R04143,R01402,R04420,R07392,R07393,R07394,R07395,R07364,R07396,R12507	K00789,K01611,K00797,K01243,K01244,K00899,K00772,K05810,K08963,K16054,K08964,K09880,K08965,K08966,K08967,K00815,K08969,K23977,K00832,K00838	C00073,C00019,C01137,C00170,C03089,C04188,C04582,C15650,C15651,C15606,C01180
M00538	Toluene degradation		R02550,R01763,R01419	K15760,K15761,K15762,K15763,K15764,K15765,K00055,K00141	C01455,C00556,C00261,C00180
M00596	Dissimilatory sulfate reduction		R00529,R08553,R00861	K00958,K00394,K00395,K11180,K11181	C00059,C00224,C00094,C00283
M00159	V/A-type ATPase		R00086	K02117,K02118,K02119,K02120,K02121,K02122,K02107,K02123,K02124	C00008,C00009,C00002,C00001
M00914	Coenzyme A biosynthesis	2-oxoisovalerate => 4-phosphopantoate => CoA	R01226,R02472,R09378,R09379,R04231,R03269,R03035,R12608	K00606,K00077,K06982,K09722,K13038,K02201,K09735	C00141,C00966,C00522,C18911,C03492,C04352,C01134,C00882,C00010
M00006	Pentose phosphate pathway	glucose 6P => ribulose 5P	R02736,R10907,R02035,R01528,R10221	K13937,K00036,K19243,K01057,K07404,K00033	C01172,C01236,C00345,C00199
M00898	Thiamine biosynthesis		R10685,R10711,R10686,R04509,R10712,R02135,R00619	K03146,K18278,K00877,K14154,K00949	C00037,C00003,C20784,C20247,C00018,C04556,C04752,C01081,C00378,C00068
M00617	Methanogen				
M00637	Anthranilate degradation		R00823,R00825	K05599,K05600,K11311,K16319,K16320,K18248,K18249	C00108,C00090
M00934	Mycinamicin biosynthesis		R12660,R10876,R10875,R10874,R09822,R09823,R10877,R10878	K24528,K24559,K24560,K24561,K24562,K24529,K24292,K24530,K24531,K21540,K21539,K24390	C00083,C02557,C15685,C15684,C15683,C15682,C15681,C18846,C18847,C15680
M00875	Staphyloferrin B biosynthesis		R12344,R11705,R11655,R12308,R12309,R12311,R12312	K23371,K21949,K21721,K23372,K23373,K23374,K23375	C00065,C01005,C21559,C03401,C22072,C22073,C22074,C22075
M00539	Cumate degradation		R05247,R05240,R05248,R05377,R05364	K10619,K16303,K16304,K18227,K10620,K10621,K10622,K10623	C06578,C06579,C06580,C06581,C06582,C00596,C02632
M00931	Menaquinone biosynthesis		R10666,R10667,R10668,R08588,R08589	K11782,K18285,K18284,K11784,K11785	C00251,C20772,C20773,C17010,C17017,C17018
M00534	Naphthalene degradation		R02968,R04115,R04117,R05137,R05136,R02941	K14579,K14580,K14578,K14581,K14582,K14583,K14584,K14585,K00152	C00829,C04314,C03012,C06204,C06203,C06202,C00805
M00925	Cobalamin biosynthesis	uroporphyrinogen III => precorrin 2 => cobyrinate a,c-diamide	R03194,R03948,R05217,R05180,R05181,R05219,R05150,R05149,R05177,R05224,R05227	K02303,K13542,K03394,K13540,K02229,K05934,K13540,K13541,K05936,K02228,K05895,K00595,K06042,K02224,K02230,K09882,K09883	C01051,C02463,C05772,C06406,C06407,C06416,C06320,C06319,C06408,C06399,C06503,C06504
M00009	Citrate cycle (TCA cycle		R00351,R01325,R01900,R01324,R01899,R00268,R00267,R00709,R00621,R03316,R01700,R02570,R07618,R01197,R00405,R00432,R00727,R10343,R02164,R01082,R00342,R00361	K01647,K05942,K01681,K01682,K00031,K00030,K00164,K00658,K01616,K00382,K00174,K00175,K00177,K00176,K01902,K01903,K01899,K01900,K18118,K00234,K00235,K00236,K00237,K25801,K00239,K00240,K00241,K00242,K18859,K18860,K00244,K00245,K00246,K00247,K01676,K01679,K01677,K01678,K00026,K00025,K00024,K00116	C00024,C00036,C00158,C00311,C00026,C15972,C16254,C00091,C15973,C00042,C00122,C00149
M00769	Multidrug resistance			K18304,K19591,K19595,K19594,K19593	
M00891	Ditryptophenaline biosynthesis		R12413,R12414,R12415	K23646,K23647,K21477	C00078,C00079,C22142,C22143,C22144
M00008	Entner-Doudoroff pathway		R02736,R02035,R02036,R05605	K00036,K01057,K07404,K01690,K01625	C01172,C01236,C00345,C04442,C00118,C00022
M00051	De novo pyrimidine biosynthesis		R00575,R01397,R01993,R01867,R01868,R01869,R01870,R00965	K11540,K11541,K01465,K01954,K01955,K01956,K00609,K00610,K00608,K01465,K00226,K00254,K17828,K13421,K00762,K01591	C00064,C00169,C00438,C00337,C00295,C00119,C01103,C00105
M00575	Pertussis pathogenicity signature			K22944,K11004,K07389,K11003,K12340	
M00848	Aurachin biosynthesis		R00982,R12049,R12050,R12051,R11382,R11383,R11149,R12052,R12053,R12054	K09460,K02078,K14245,K14246,K22798,K22799,K22800,K21272,K21271,K22801,K22802	C00108,C02247,C21873,C10641,C21330,C21141,C21140,C21874,C21875
M00933	Plastoquinone biosynthesis		R08782,R10709	K12501,K12502	C00544,C04145,C17570,C16695
M00172	C4-dicarboxylic acid cycle		R00345,R00343,R00216,R00206	K01595,K00051,K00029,K01006	C00074,C00011,C00036,C00149,C00022
M00129	Ascorbate biosynthesis	glucose-1P => ascorbate	R00289,R00286,R01383,R01478,R01481,R02933,R03184,R00647,R10053	K00963,K00012,K00699,K01195,K00002,K01053,K00103	C00103,C00029,C00167,C03033,C00191,C00800,C01040,C00072
M00618	Acetogen				
M00367	C10-C20 isoprenoid biosynthesis		R01123,R01658,R02003,R02061	K01823,K00787,K00804	C00129,C00235,C00341,C00448,C00353
M00630	D-Galacturonate degradation (fungi)		R07676,R10565,R10532,R10550,R10563	K18106,K19634,K18102,K18103,K18107	C00333,C15930,C20680,C02426,C00116
M00047	Creatine pathway		R00565,R01883,R01881,R07420	K00613,K00542,K00933	C00062,C00581,C00300,C02305,C00791
M00169	CAM (Crassulacean acid metabolism)		R00216,R00206	K00029,K01006	C00149,C00022,C00011,C00074
M00123	Biotin biosynthesis		R10124,R03210,R03231,R10699,R03182,R01078	K00652,K00833,K19563,K01935,K19562,K01012	C19845,C01092,C01063,C01037,C01909,C00120
M00371	Castasterone biosynthesis		R07445,R07446,R07447,R07791,R07473,R07474,R07450,R07451	K09587,K12639,K09588,K09591,K12637,K12638,K20623,K09590,K12640,K25959	C01789,C15795,C15796,C15797,C15800,C15801,C15802,C15803,C15794
M00641	Multidrug resistance			K18297,K18298,K18299,K18300	
M00142	NADH:ubiquinone oxidoreductase		R11945	K03878,K03879,K03880,K03881,K03882,K03883,K03884	C00399,C00004,C00080,C00390,C00003
M00802	dTDP-D-forosamine biosynthesis		R05518,R05526,R08930,R08931,R08932	K16435,K13327,K13328,K13329,K13330	C11907,C06620,C11922,C18032,C18033,C18034
M00063	CMP-KDO biosynthesis		R01530,R03254,R03350,R03351	K06041,K01627,K03270,K00979	C00199,C01112,C04478,C01187,C04121
M00020	Serine biosynthesis		R01513,R04173,R00582	K00058,K00831,K01079,K02203,K22305,K25528	C00197,C03232,C01005,C00065
M00307	Pyruvate oxidation		R00209,R01196,R00014,R03270,R02569,R07618	K00163,K00161,K00162,K00627,K00382,K13997,K00169,K00170,K00171,K00172,K00189,K03737	C00022,C00024,C00068,C05125,C15972,C16255,C15973
M00122	Cobalamin biosynthesis		R12184,R05225,R07302,R05221,R06558,R06529,R05222,R04148,R04594,R05223	K00798,K19221,K02232,K02225,K02227,K02231,K00768,K02226,K22316,K02233	C06504,C06506,C06507,C06508,C06509,C06510,C03114,C04778,C05775,C00194
M00893	Lovastatin biosynthesis		R07251,R11187,R10791,R10792,R10794,R11445,R11126	K20981,K20982,K20985,K20980,K20984,K20983	C00083,C21108,C10851,C20852,C20853,C20854,C21129,C21130
M00088	Ketone body biosynthesis		R00238,R01978,R01360,R01361,R01366	K00626,K01641,K01640,K00019,K01574	C00024,C00332,C00356,C00164,C01089,C00207
M00065	GPI-anchor biosynthesis		R05916,R05917,R05918,R05919,R12350,R12351,R05922,R08107,R12702	K03857,K03859,K03858,K03861,K03860,K11001,K11002,K09658,K03434,K05283,K05284,K07541,K07542,K05285,K05286,K05288,K05287,K05310,K05287	C01194
M00061	D-Glucuronate degradation		R01482,R02454,R05606,R01541,R05605	K01812,K00040,K01686,K08323,K00874,K01625,K17463	C00191,C00905,C00514,C00204,C04442,C00022,C00118
M00825	10-membered enediyne core biosynthesis			K15314,K21168,K21169,K21170,K21171,K21172,K21173,K21174	
M00059	Glycosaminoglycan biosynthesis		R05930,R05935,R05936	K02369,K02370,K02366,K02367,K02368,K02370,K02576,K02577,K02578,K02579,K01793	
M00106	Conjugated bile acid biosynthesis		R02794,R03720,R03718	K08748,K00659	C00695,C01794,C05122,C01921
M00597	Anoxygenic photosystem II			K08928,K08929	
M00373	Ethylmalonyl pathway		R00238,R01977,R03027,R09291,R09979,R09292,R09293,R05076,R00934,R00473,R10612,R01859,R02765,R00833	K00626,K00023,K17865,K14446,K14447,K14448,K14449,K08691,K14451,K01965,K01966,K05606,K01847	C00024,C00332,C03561,C00877,C18026,C20238,C18324,C06028,C06027,C00100,C00048,C04348,C00149,C00683,C01213,C00091
M00612	Anoxygenic photosynthesis in purple bacteria				
M00824	9-membered enediyne core biosynthesis			K15314,K21160,K21161,K21162,K21163,K21164,K21165,K21166,K21167	
M00810	Nicotine degradation	nicotine => 2,6-dihydroxypyridine/succinate semialdehyde	R02860,R11048,R07946,R11050,R11049,R07514,R07515,R10101	K19818,K19819,K19820,K19826,K19890,K19185,K19186,K19187,K19188,K20155	C00745,C16386,C01056,C21075,C03043,C01297,C15986,C03056,C15987,C00232
M00915	Caffeine degradation		R07954,R07939,R07957,R07958,R07955,R07956,R07961,R07962,R07965,R07966	K21722,K21723,K21724	C07481,C13747,C16353,C07480,C00385
M00073	N-glycan precursor trimming		R05979,R05980,R05981,R06722,R12479	K01228,K05546,K23741,K01230	
M00718	Multidrug resistance			K18131,K03585,K18138,K18139	
M00787	Bacilysin biosynthesis		R10934,R11065,R11066,R11067,R11068,R10917,R11064	K19546,K19547,K19550,K19549,K19548,K13037	C00254,C20953,C21085,C21086,C21087,C20940,C20941,C20942
M00973	Anammox		R00783,R00785,R09799,R07174	K00368,K15864,K20932,K20933,K20934,K20935	C00088,C00533,C00014,C05361,C00697
M00642	Multidrug resistance			K18301,K18302,K18303,K18139	
M00027	GABA (gamma-Aminobutyrate) shunt		R00261,R01648,R10178,R00713,R00714	K01580,K13524,K07250,K00823,K16871,K00135,K00139,K17761	C00025,C00334,C00232,C00042
M00904	Dapdiamides biosynthesis		R10940,R12352,R10942,R10943,R10944	K22113,K01957,K22114	C03401,C20961,C20966,C20962,C20963,C20964
M00622	Nicotinate degradation		R09473,R08764,R09125,R09126,R03540,R01087	K18029,K18030,K14974,K18028,K15357,K13995,K01799	C00253,C01020,C01059,C18232,C01596,C01384,C00122
M00826	C-1027 benzoxazolinate moiety biosynthesis		R08956,R09559,R11362,R11363,R11364,R11365	K20159,K21175,K20156,K21176,K21177,K21178,K21179	C00251,C18054,C19686,C21306,C21307,C11468,C11448
M00842	Tetrahydrobiopterin biosynthesis		R00428,R05046,R05048,R04639,R04286,R08208	K01495,K01737,K00072	C00044,C05922,C05923,C06148,C04895,C03684,C00272
M00096	C5 isoprenoid biosynthesis		R05636,R05688,R05633,R05634,R05637,R08689,R10859,R05884,R01123	K01662,K00099,K00991,K12506,K00919,K01770,K12506,K03526,K03527,K01823	C00118,C00022,C11437,C11434,C11435,C11436,C11453,C11811,C00129,C00235
